input_fps,source_experiment,run_id,use_det,use_seg,use_pose,batch,threshold_det,threshold_seg,threshold_pose,timeout_ms,priority_det,priority_seg,priority_pose,det_latency_ms,seg_latency_ms,pose_latency_ms,cpu_percent,mem_percent,voluntary_ctx_switches,nonvoluntary_ctx_switches,npu_percent,switches_per_s,idle_time_pct,run_time_s,avg_fps_det,avg_latency_det,max_latency_det,activation_det,avg_fps_seg,avg_latency_seg,max_latency_seg,activation_seg,avg_fps_pose,avg_latency_pose,max_latency_pose,activation_pose,total_time_det_s,total_time_seg_s,total_time_pose_s,avg_preprocess_ms_det,avg_preprocess_ms_seg,avg_preprocess_ms_pose,postprocess_ms_det,postprocess_ms_seg,postprocess_ms_pose,total_time_ms_det,total_time_ms_seg,total_time_ms_pose
5,singlemodel_fps_sweep_exp1,1,1,0,0,1,1,1,1,0,0,0,0,35.4639,NaN,NaN,2.5604,12.5697,3000,1048,15.2731,0.0340,0.0010,119.843,5.0290,25.2110,32.8620,0.1830,NaN,NaN,NaN,NaN,NaN,NaN,NaN,NaN,119.83,NaN,NaN,8.22413,NaN,NaN,0.00949748,NaN,NaN,43.6976,NaN,NaN
5,singlemodel_fps_sweep_exp1,2,1,0,0,1,1,1,1,0,0,0,0,35.3283,NaN,NaN,2.38991,12.6501,2996,1048,15.2648,0.0340,0.0010,119.842,5.0290,25.1840,32.9550,0.1840,NaN,NaN,NaN,NaN,NaN,NaN,NaN,NaN,119.829,NaN,NaN,8.0289,NaN,NaN,0.00876221,NaN,NaN,43.366,NaN,NaN
5,singlemodel_fps_sweep_exp1,3,1,0,0,1,1,1,1,0,0,0,0,35.4558,NaN,NaN,2.79177,12.5306,2997,981,15.2615,0.0340,0.0010,119.843,5.0290,25.2150,32.8960,0.1820,NaN,NaN,NaN,NaN,NaN,NaN,NaN,NaN,119.83,NaN,NaN,7.97254,NaN,NaN,0.00899089,NaN,NaN,43.4373,NaN,NaN
5,singlemodel_fps_sweep_exp1,1,0,1,0,1,1,1,1,0,0,0,0,NaN,49.7839,NaN,9.54195,12.8382,6600,4786,22.6897,0.0340,0.0010,119.872,NaN,NaN,NaN,NaN,5.0270,36.2360,41.1320,0.1990,NaN,NaN,NaN,NaN,NaN,119.839,NaN,NaN,8.30858,NaN,NaN,45.714,NaN,NaN,103.807,NaN
5,singlemodel_fps_sweep_exp1,2,0,1,0,1,1,1,1,0,0,0,0,NaN,49.5262,NaN,8.5206,12.8925,6599,4537,22.6597,0.0340,0.0010,119.873,NaN,NaN,NaN,NaN,5.0270,35.9460,41.0300,0.2020,NaN,NaN,NaN,NaN,NaN,119.84,NaN,NaN,8.07765,NaN,NaN,44.9454,NaN,NaN,102.549,NaN
5,singlemodel_fps_sweep_exp1,3,0,1,0,1,1,1,1,0,0,0,0,NaN,49.3994,NaN,8.68411,12.7957,6600,4468,22.6438,0.0340,0.0010,119.874,NaN,NaN,NaN,NaN,5.0270,36.1320,41.0690,0.2000,NaN,NaN,NaN,NaN,NaN,119.838,NaN,NaN,8.24289,NaN,NaN,45.238,NaN,NaN,102.88,NaN
5,singlemodel_fps_sweep_exp1,1,0,0,1,1,1,1,1,0,0,0,0,NaN,NaN,32.0953,3.38115,12.529,5999,878,15.4030,0.0340,0.0010,119.84,NaN,NaN,NaN,NaN,NaN,NaN,NaN,NaN,5.0290,23.7000,30.8790,0.1970,NaN,NaN,119.826,NaN,NaN,8.25476,NaN,NaN,0.209408,NaN,NaN,40.5595
5,singlemodel_fps_sweep_exp1,2,0,0,1,1,1,1,1,0,0,0,0,NaN,NaN,32.0686,2.88854,12.5298,5999,769,15.3989,0.0340,0.0010,119.84,NaN,NaN,NaN,NaN,NaN,NaN,NaN,NaN,5.0290,23.6310,30.8120,0.1970,NaN,NaN,119.826,NaN,NaN,8.09154,NaN,NaN,0.210803,NaN,NaN,40.371
5,singlemodel_fps_sweep_exp1,3,0,0,1,1,1,1,1,0,0,0,0,NaN,NaN,32.0364,2.45747,12.6186,5999,796,15.4075,0.0340,0.0010,119.839,NaN,NaN,NaN,NaN,NaN,NaN,NaN,NaN,5.0290,23.6390,30.8410,0.1970,NaN,NaN,119.827,NaN,NaN,8.08262,NaN,NaN,0.210837,NaN,NaN,40.3299
10,singlemodel_fps_sweep_exp1,1,1,0,0,1,1,1,1,0,0,0,0,35.7231,NaN,NaN,4.72151,12.532,2995,720,30.5917,0.0340,0.0010,59.9432,10.0250,25.3070,32.8800,0.2120,NaN,NaN,NaN,NaN,NaN,NaN,NaN,NaN,59.9302,NaN,NaN,8.10191,NaN,NaN,0.00902384,NaN,NaN,43.834,NaN,NaN
10,singlemodel_fps_sweep_exp1,2,1,0,0,1,1,1,1,0,0,0,0,35.6725,NaN,NaN,4.74697,12.4949,2998,688,30.5386,0.0340,0.0010,59.9428,10.0250,25.3170,32.8840,0.1810,NaN,NaN,NaN,NaN,NaN,NaN,NaN,NaN,59.9306,NaN,NaN,7.86938,NaN,NaN,0.009021,NaN,NaN,43.5509,NaN,NaN
10,singlemodel_fps_sweep_exp1,3,1,0,0,1,1,1,1,0,0,0,0,35.6863,NaN,NaN,5.5637,12.5548,2998,663,30.5922,0.0340,0.0010,59.9431,10.0250,25.3050,32.8910,0.1800,NaN,NaN,NaN,NaN,NaN,NaN,NaN,NaN,59.9296,NaN,NaN,7.8859,NaN,NaN,0.00898437,NaN,NaN,43.5812,NaN,NaN
10,singlemodel_fps_sweep_exp1,1,0,1,0,1,1,1,1,0,0,0,0,NaN,68.3257,NaN,17.4213,13.1128,6600,4701,45.8369,0.0340,0.0010,60.0276,NaN,NaN,NaN,NaN,10.0200,39.4030,172.7540,0.1980,NaN,NaN,NaN,NaN,NaN,59.9962,NaN,NaN,7.43415,NaN,NaN,44.7402,NaN,NaN,120.5,NaN
10,singlemodel_fps_sweep_exp1,2,0,1,0,1,1,1,1,0,0,0,0,NaN,69.9504,NaN,17.6983,13.0627,6600,4794,45.9122,0.0340,0.0010,60.0316,NaN,NaN,NaN,NaN,10.0190,40.0310,167.9740,0.2010,NaN,NaN,NaN,NaN,NaN,59.9996,NaN,NaN,7.79339,NaN,NaN,45.5122,NaN,NaN,123.256,NaN
10,singlemodel_fps_sweep_exp1,3,0,1,0,1,1,1,1,0,0,0,0,NaN,70.2631,NaN,17.4131,13.2812,6599,4804,45.8934,0.0340,0.0010,60.0338,NaN,NaN,NaN,NaN,10.0190,40.1080,176.3060,0.2010,NaN,NaN,NaN,NaN,NaN,60.0034,NaN,NaN,7.35828,NaN,NaN,45.8667,NaN,NaN,123.488,NaN
10,singlemodel_fps_sweep_exp1,1,0,0,1,1,1,1,1,0,0,0,0,NaN,NaN,32.8041,5.04054,12.7138,5999,579,31.3186,0.0340,0.0010,59.9399,NaN,NaN,NaN,NaN,NaN,NaN,NaN,NaN,10.0250,23.9540,30.8600,0.1960,NaN,NaN,59.9257,NaN,NaN,8.23834,NaN,NaN,0.210935,NaN,NaN,41.2534
10,singlemodel_fps_sweep_exp1,2,0,0,1,1,1,1,1,0,0,0,0,NaN,NaN,32.8557,5.01025,12.513,5999,599,31.3729,0.0340,0.0010,59.9397,NaN,NaN,NaN,NaN,NaN,NaN,NaN,NaN,10.0240,24.0380,30.8800,0.1980,NaN,NaN,59.9266,NaN,NaN,8.16048,NaN,NaN,0.210072,NaN,NaN,41.2263
10,singlemodel_fps_sweep_exp1,3,0,0,1,1,1,1,1,0,0,0,0,NaN,NaN,32.7576,5.00503,12.5167,5999,559,31.3534,0.0340,0.0010,59.9396,NaN,NaN,NaN,NaN,NaN,NaN,NaN,NaN,10.0250,24.0200,30.8670,0.1960,NaN,NaN,59.9267,NaN,NaN,7.94595,NaN,NaN,0.209104,NaN,NaN,40.9126
15,singlemodel_fps_sweep_exp1,1,1,0,0,1,1,1,1,0,0,0,0,36.2104,NaN,NaN,7.61074,12.4431,2999,926,46.0328,0.0340,0.0010,39.9762,15.0200,25.4030,32.9330,0.1880,NaN,NaN,NaN,NaN,NaN,NaN,NaN,NaN,39.9621,NaN,NaN,7.90171,NaN,NaN,0.00891073,NaN,NaN,44.121,NaN,NaN
15,singlemodel_fps_sweep_exp1,2,1,0,0,1,1,1,1,0,0,0,0,36.2413,NaN,NaN,7.91638,12.5491,2989,943,45.9869,0.0340,0.0010,39.9767,15.0200,25.4470,32.9060,0.1800,NaN,NaN,NaN,NaN,NaN,NaN,NaN,NaN,39.9629,NaN,NaN,8.05167,NaN,NaN,0.00910441,NaN,NaN,44.3021,NaN,NaN
15,singlemodel_fps_sweep_exp1,3,1,0,0,1,1,1,1,0,0,0,0,36.185,NaN,NaN,7.95654,12.5112,2999,875,46.0344,0.0340,0.0010,39.9762,15.0190,25.5020,32.8870,0.1810,NaN,NaN,NaN,NaN,NaN,NaN,NaN,NaN,39.9628,NaN,NaN,7.85271,NaN,NaN,0.00913656,NaN,NaN,44.0468,NaN,NaN
15,singlemodel_fps_sweep_exp1,1,0,1,0,1,1,1,1,0,0,0,0,NaN,122.086,NaN,28.2873,12.8194,6646,4349,72.8331,0.0330,0.0010,40.0964,NaN,NaN,NaN,NaN,15.0010,65.8060,431.4310,0.1980,NaN,NaN,NaN,NaN,NaN,40.0645,NaN,NaN,7.42618,NaN,NaN,45.7977,NaN,NaN,175.31,NaN
15,singlemodel_fps_sweep_exp1,2,0,1,0,1,1,1,1,0,0,0,0,NaN,132.145,NaN,29.4287,12.9481,6683,4457,74.3379,0.0330,0.0010,40.1019,NaN,NaN,NaN,NaN,15.0010,71.9730,424.0410,0.2030,NaN,NaN,NaN,NaN,NaN,40.0712,NaN,NaN,7.66598,NaN,NaN,46.9612,NaN,NaN,186.772,NaN
15,singlemodel_fps_sweep_exp1,3,0,1,0,1,1,1,1,0,0,0,0,NaN,128.889,NaN,29.1065,13.4772,6663,4250,72.8121,0.0330,0.0010,40.0992,NaN,NaN,NaN,NaN,15.0020,69.3770,457.2040,0.2050,NaN,NaN,NaN,NaN,NaN,40.0667,NaN,NaN,7.95494,NaN,NaN,46.6037,NaN,NaN,183.448,NaN
15,singlemodel_fps_sweep_exp1,1,0,0,1,1,1,1,1,0,0,0,0,NaN,NaN,34.3669,8.08791,12.4631,5999,763,48.5415,0.0340,0.0010,39.9732,NaN,NaN,NaN,NaN,NaN,NaN,NaN,NaN,15.0170,24.4020,30.8020,0.1960,NaN,NaN,39.9598,NaN,NaN,8.00157,NaN,NaN,0.204981,NaN,NaN,42.5735
15,singlemodel_fps_sweep_exp1,2,0,0,1,1,1,1,1,0,0,0,0,NaN,NaN,34.2082,7.87639,12.4635,5999,785,48.4238,0.0340,0.0010,39.973,NaN,NaN,NaN,NaN,NaN,NaN,NaN,NaN,15.0180,24.3920,30.8750,0.1950,NaN,NaN,39.9599,NaN,NaN,7.95643,NaN,NaN,0.204661,NaN,NaN,42.3693
15,singlemodel_fps_sweep_exp1,3,0,0,1,1,1,1,1,0,0,0,0,NaN,NaN,34.2944,8.13968,12.6241,5999,729,48.4895,0.0340,0.0010,39.9731,NaN,NaN,NaN,NaN,NaN,NaN,NaN,NaN,15.0170,24.4950,30.7980,0.2010,NaN,NaN,39.9597,NaN,NaN,7.92111,NaN,NaN,0.203153,NaN,NaN,42.4186
20,singlemodel_fps_sweep_exp1,1,1,0,0,1,1,1,1,0,0,0,0,36.819,NaN,NaN,10.7337,12.5873,2999,917,61.5741,0.0340,0.0010,29.9921,20.0150,25.6680,32.9010,0.1860,NaN,NaN,NaN,NaN,NaN,NaN,NaN,NaN,29.9797,NaN,NaN,7.0813,NaN,NaN,0.00906128,NaN,NaN,43.9093,NaN,NaN
20,singlemodel_fps_sweep_exp1,2,1,0,0,1,1,1,1,0,0,0,0,36.7849,NaN,NaN,10.1511,12.6034,2995,940,61.6738,0.0340,0.0010,29.9926,20.0160,25.5930,32.9230,0.1850,NaN,NaN,NaN,NaN,NaN,NaN,NaN,NaN,29.9793,NaN,NaN,7.10923,NaN,NaN,0.0086971,NaN,NaN,43.9029,NaN,NaN
20,singlemodel_fps_sweep_exp1,3,1,0,0,1,1,1,1,0,0,0,0,36.8011,NaN,NaN,10.3301,12.5011,2994,1064,61.6093,0.0340,0.0010,29.9919,20.0160,25.6980,32.8400,0.1880,NaN,NaN,NaN,NaN,NaN,NaN,NaN,NaN,29.9784,NaN,NaN,7.29056,NaN,NaN,0.00882039,NaN,NaN,44.1005,NaN,NaN
20,singlemodel_fps_sweep_exp1,1,0,1,0,1,1,1,1,0,0,0,0,NaN,676.296,NaN,41.6814,13.1836,6815,4123,91.6823,0.0330,0.0010,32.8035,NaN,NaN,NaN,NaN,18.0770,356.3500,947.1130,0.2000,NaN,NaN,NaN,NaN,NaN,32.7736,NaN,NaN,8.03609,NaN,NaN,46.4681,NaN,NaN,730.8,NaN
20,singlemodel_fps_sweep_exp1,2,0,1,0,1,1,1,1,0,0,0,0,NaN,683.72,NaN,40.7481,13.1603,6830,4183,91.5897,0.0340,0.0010,32.8282,NaN,NaN,NaN,NaN,18.0960,361.6700,967.9060,0.1990,NaN,NaN,NaN,NaN,NaN,32.7958,NaN,NaN,8.5324,NaN,NaN,46.8004,NaN,NaN,739.053,NaN
20,singlemodel_fps_sweep_exp1,3,0,1,0,1,1,1,1,0,0,0,0,NaN,661.693,NaN,40.2566,13.2091,6819,4105,92.0861,0.0330,0.0010,32.5847,NaN,NaN,NaN,NaN,18.2220,353.6810,974.1570,0.2060,NaN,NaN,NaN,NaN,NaN,32.5522,NaN,NaN,7.874,NaN,NaN,46.0398,NaN,NaN,715.607,NaN
20,singlemodel_fps_sweep_exp1,1,0,0,1,1,1,1,1,0,0,0,0,NaN,NaN,36.7618,12.0917,12.6394,6001,830,67.6286,0.0340,0.0010,29.9891,NaN,NaN,NaN,NaN,NaN,NaN,NaN,NaN,20.0120,25.0930,30.8720,0.1960,NaN,NaN,29.9761,NaN,NaN,7.34257,NaN,NaN,0.198071,NaN,NaN,44.3025
20,singlemodel_fps_sweep_exp1,2,0,0,1,1,1,1,1,0,0,0,0,NaN,NaN,37.0135,12.2663,12.5755,6001,900,67.9634,0.0340,0.0010,29.989,NaN,NaN,NaN,NaN,NaN,NaN,NaN,NaN,20.0120,25.1010,30.8470,0.2010,NaN,NaN,29.9759,NaN,NaN,7.2149,NaN,NaN,0.195498,NaN,NaN,44.4239
20,singlemodel_fps_sweep_exp1,3,0,0,1,1,1,1,1,0,0,0,0,NaN,NaN,36.8405,12.2135,12.5544,6000,798,67.7945,0.0340,0.0010,29.9895,NaN,NaN,NaN,NaN,NaN,NaN,NaN,NaN,20.0140,25.0140,30.8710,0.1960,NaN,NaN,29.9763,NaN,NaN,7.18594,NaN,NaN,0.196104,NaN,NaN,44.2225
25,singlemodel_fps_sweep_exp1,1,1,0,0,1,1,1,1,0,0,0,0,37.3504,NaN,NaN,13.0152,12.647,2998,676,77.5874,0.0420,0.0010,24.0083,25.0120,25.7230,34.8700,0.1880,NaN,NaN,NaN,NaN,NaN,NaN,NaN,NaN,23.9946,NaN,NaN,8.21646,NaN,NaN,0.014244,NaN,NaN,45.5811,NaN,NaN
25,singlemodel_fps_sweep_exp1,2,1,0,0,1,1,1,1,0,0,0,0,37.2124,NaN,NaN,12.5131,12.573,2999,652,77.5378,0.0420,0.0010,24.0067,25.0130,25.8010,34.9170,0.1880,NaN,NaN,NaN,NaN,NaN,NaN,NaN,NaN,23.9936,NaN,NaN,7.78564,NaN,NaN,0.012004,NaN,NaN,45.01,NaN,NaN
25,singlemodel_fps_sweep_exp1,3,1,0,0,1,1,1,1,0,0,0,0,37.3194,NaN,NaN,13.2554,12.9315,2999,613,77.5952,0.0420,0.0010,24.0085,25.0120,25.7980,34.2860,0.1880,NaN,NaN,NaN,NaN,NaN,NaN,NaN,NaN,23.9948,NaN,NaN,8.09037,NaN,NaN,0.0128406,NaN,NaN,45.4226,NaN,NaN
25,singlemodel_fps_sweep_exp1,1,0,1,0,1,1,1,1,0,0,0,0,NaN,760.941,NaN,41.0905,13.4242,6743,3969,93.0426,0.0330,0.0010,32.2748,NaN,NaN,NaN,NaN,18.4550,413.5220,947.1620,0.2020,NaN,NaN,NaN,NaN,NaN,32.2423,NaN,NaN,8.18198,NaN,NaN,45.9614,NaN,NaN,815.085,NaN
25,singlemodel_fps_sweep_exp1,2,0,1,0,1,1,1,1,0,0,0,0,NaN,779.42,NaN,41.1888,13.2164,6737,4295,92.2161,0.0330,0.0010,32.5263,NaN,NaN,NaN,NaN,18.2830,417.7930,962.8170,0.1980,NaN,NaN,NaN,NaN,NaN,32.4928,NaN,NaN,8.23861,NaN,NaN,46.1165,NaN,NaN,833.775,NaN
25,singlemodel_fps_sweep_exp1,3,0,1,0,1,1,1,1,0,0,0,0,NaN,771.468,NaN,41.688,13.1632,6749,4070,92.7913,0.0330,0.0010,32.4955,NaN,NaN,NaN,NaN,18.3120,416.7880,950.7720,0.2060,NaN,NaN,NaN,NaN,NaN,32.4607,NaN,NaN,8.25418,NaN,NaN,46.0714,NaN,NaN,825.793,NaN
25,singlemodel_fps_sweep_exp1,1,0,0,1,1,1,1,1,0,0,0,0,NaN,NaN,40.3458,17.8088,12.7051,6240,695,87.3926,0.0420,0.0010,24.0215,NaN,NaN,NaN,NaN,NaN,NaN,NaN,NaN,24.9940,25.5410,34.2350,0.1980,NaN,NaN,24.0077,NaN,NaN,8.62113,NaN,NaN,0.192705,NaN,NaN,49.1596
25,singlemodel_fps_sweep_exp1,2,0,0,1,1,1,1,1,0,0,0,0,NaN,NaN,40.1904,17.9919,12.8658,6237,570,87.3730,0.0420,0.0010,24.023,NaN,NaN,NaN,NaN,NaN,NaN,NaN,NaN,24.9930,25.6220,34.8960,0.1950,NaN,NaN,24.0096,NaN,NaN,8.3368,NaN,NaN,0.190506,NaN,NaN,48.7177
25,singlemodel_fps_sweep_exp1,3,0,0,1,1,1,1,1,0,0,0,0,NaN,NaN,39.653,17.2244,12.5334,6222,563,86.7422,0.0420,0.0010,24.0206,NaN,NaN,NaN,NaN,NaN,NaN,NaN,NaN,24.9940,25.5200,33.5250,0.1960,NaN,NaN,24.0078,NaN,NaN,8.01214,NaN,NaN,0.191353,NaN,NaN,47.8565
30,batch1_pri0_fps30_exp1,1,1,0,0,1,1,1,1,0,0,0,0,388.833,NaN,NaN,14.6911,12.5385,3010,777,99.1995,0.0450,0.0010,22.0478,27.2370,272.4150,288.9520,0.1860,NaN,NaN,NaN,NaN,NaN,NaN,NaN,NaN,22.0345,NaN,NaN,7.44643,NaN,NaN,0.00892293,NaN,NaN,396.288,NaN,NaN
30,batch1_pri0_fps30_exp1,2,1,0,0,1,1,1,1,0,0,0,0,388.744,NaN,NaN,13.7255,12.5817,3007,704,99.2081,0.0450,0.0010,22.0454,27.2410,272.4600,288.7920,0.1790,NaN,NaN,NaN,NaN,NaN,NaN,NaN,NaN,22.0318,NaN,NaN,7.43658,NaN,NaN,0.00957764,NaN,NaN,396.19,NaN,NaN
30,batch1_pri0_fps30_exp1,3,1,0,0,1,1,1,1,0,0,0,0,388.778,NaN,NaN,14.6875,12.5914,3007,765,99.2071,0.0450,0.0010,22.0489,27.2360,272.5840,289.3720,0.1840,NaN,NaN,NaN,NaN,NaN,NaN,NaN,NaN,22.0354,NaN,NaN,7.49096,NaN,NaN,0.00885742,NaN,NaN,396.277,NaN,NaN
30,batch1_pri0_fps30_exp1,1,0,1,0,1,1,1,1,0,0,0,0,NaN,763.717,NaN,40.9151,13.0865,6741,3766,93.0413,0.0330,0.0010,32.3261,NaN,NaN,NaN,NaN,18.4220,417.9850,957.3360,0.2130,NaN,NaN,NaN,NaN,NaN,32.2938,NaN,NaN,7.78304,NaN,NaN,45.8821,NaN,NaN,817.382,NaN
30,batch1_pri0_fps30_exp1,2,0,1,0,1,1,1,1,0,0,0,0,NaN,768.221,NaN,39.9984,13.1428,6734,3837,93.0997,0.0330,0.0010,32.3398,NaN,NaN,NaN,NaN,18.4180,418.4080,961.4340,0.1980,NaN,NaN,NaN,NaN,NaN,32.306,NaN,NaN,7.82138,NaN,NaN,45.9228,NaN,NaN,821.965,NaN
30,batch1_pri0_fps30_exp1,3,0,1,0,1,1,1,1,0,0,0,0,NaN,772.111,NaN,39.7125,13.7849,6729,3695,92.9419,0.0330,0.0010,32.3877,NaN,NaN,NaN,NaN,18.3800,420.3540,970.4090,0.1990,NaN,NaN,NaN,NaN,NaN,32.3576,NaN,NaN,7.70945,NaN,NaN,45.9251,NaN,NaN,825.746,NaN
30,batch1_pri0_fps30_exp1,1,0,0,1,1,1,1,1,0,0,0,0,NaN,NaN,323.772,17.7624,12.5223,6117,656,99.1435,0.0460,0.0010,21.8039,NaN,NaN,NaN,NaN,NaN,NaN,NaN,NaN,27.5380,263.0550,282.8380,0.2030,NaN,NaN,21.7907,NaN,NaN,7.26226,NaN,NaN,0.189693,NaN,NaN,331.224
30,batch1_pri0_fps30_exp1,2,0,0,1,1,1,1,1,0,0,0,0,NaN,NaN,324.007,17.5283,12.5794,6122,662,99.1630,0.0460,0.0010,21.8014,NaN,NaN,NaN,NaN,NaN,NaN,NaN,NaN,27.5410,262.9110,282.6110,0.2060,NaN,NaN,21.7882,NaN,NaN,7.15934,NaN,NaN,0.19063,NaN,NaN,331.357
30,batch1_pri0_fps30_exp1,3,0,0,1,1,1,1,1,0,0,0,0,NaN,NaN,323.994,17.776,12.5661,6121,715,99.2010,0.0460,0.0010,21.804,NaN,NaN,NaN,NaN,NaN,NaN,NaN,NaN,27.5380,262.8360,282.6670,0.1960,NaN,NaN,21.7912,NaN,NaN,7.21556,NaN,NaN,0.190568,NaN,NaN,331.4
