run_id,use_det,use_seg,use_pose,batch_det,batch_seg,batch_pose,threshold_det,threshold_seg,threshold_pose,timeout_ms,priority_det,priority_seg,priority_pose,det_latency_ms,seg_latency_ms,pose_latency_ms,cpu_percent,mem_percent,voluntary_ctx_switches,nonvoluntary_ctx_switches,npu_percent,switches_per_s,idle_time_pct,run_time_s,avg_fps_det,avg_latency_det,max_latency_det,activation_det,avg_fps_seg,avg_latency_seg,max_latency_seg,activation_seg,avg_fps_pose,avg_latency_pose,max_latency_pose,activation_pose,total_time_det_s,total_time_seg_s,total_time_pose_s,avg_preprocess_ms,postprocess_ms_det,postprocess_ms_seg,postprocess_ms_pose,total_time_ms_det,total_time_ms_seg,total_time_ms_pose
1,1,1,0,1,1,1,1,1,1,0,15,15,15,510.215,828.18,NaN,42.5267,32.1511,8926,9181,68.1288,25.6160,0.0010,42.8793,12.8270,16.7550,26.9370,0.7200,12.7890,42.8110,356.4050,0.8220,NaN,NaN,NaN,NaN,30.3846,42.7005,NaN,5.31961,0.0181426,41.9797,NaN,515.553,875.48,NaN
2,1,1,0,1,1,1,1,1,1,0,15,15,15,510.999,827.196,NaN,42.8242,32.0623,8853,9930,67.5505,25.6800,0.0110,42.8035,12.8400,16.3430,24.5740,0.6820,12.8400,43.2600,379.4680,0.9180,NaN,NaN,NaN,NaN,30.3444,42.6257,NaN,5.2335,0.0155452,41.976,NaN,516.248,874.405,NaN
3,1,1,0,1,1,1,1,1,1,0,15,15,15,510.449,829.794,NaN,42.6381,32.0241,8845,8682,67.9183,25.6120,0.0010,42.8463,12.8060,16.4490,25.4460,0.7330,12.7680,45.5240,401.9970,0.8530,NaN,NaN,NaN,NaN,30.4101,42.6693,NaN,5.25498,0.0229587,41.9997,NaN,515.727,877.048,NaN
1,1,1,0,1,16,1,1,1,1,0,15,15,15,501.216,3069.03,NaN,51.517,33.2706,8458,11305,77.2811,9.7270,0.0010,37.6533,7.9730,22.5850,128.4580,0.7660,17.1280,1140.7840,2188.7350,1.1590,NaN,NaN,NaN,NaN,29.9184,37.479,NaN,5.24184,0.0344296,43.0298,NaN,506.492,3117.3,NaN
2,1,1,0,1,16,1,1,1,1,0,15,15,15,507.119,3079.2,NaN,51.9763,33.1515,8441,13283,77.5927,9.8890,0.0160,37.8473,8.0180,21.8000,101.5570,0.7960,16.9900,1150.7420,2201.9070,1.0780,NaN,NaN,NaN,NaN,30.0526,37.6697,NaN,5.24609,0.0389185,43.237,NaN,512.404,3127.69,NaN
3,1,1,0,1,16,1,1,1,1,0,15,15,15,505.514,3106.84,NaN,51.8755,33.2254,8386,12036,78.2878,10.0410,0.0030,37.7735,8.1710,20.7780,103.5010,0.8970,17.0290,1190.6920,2147.4820,1.1060,NaN,NaN,NaN,NaN,30.0159,37.5931,NaN,5.27802,0.0363955,43.2714,NaN,510.828,3155.39,NaN
1,1,1,0,1,32,1,1,1,1,0,15,15,15,503.291,5928.59,NaN,52.7676,34.9696,8298,12333,81.2681,8.6370,0.0020,37.5215,6.7950,23.4880,102.4590,0.8630,17.2360,2574.6510,3997.9710,1.2390,NaN,NaN,NaN,NaN,29.9583,37.3433,NaN,5.24843,0.0211372,43.2944,NaN,508.561,5977.14,NaN
2,1,1,0,1,32,1,1,1,1,0,15,15,15,500.212,5823.54,NaN,53.4758,35.0242,8330,13562,82.5311,8.4290,0.0010,37.2502,6.9670,24.6980,111.0430,0.9480,17.5520,2470.2910,3892.6250,1.2190,NaN,NaN,NaN,NaN,29.8635,37.0762,NaN,5.33759,0.0213128,43.5301,NaN,505.571,5872.41,NaN
3,1,1,0,1,32,1,1,1,1,0,15,15,15,505.407,5711.42,NaN,52.5718,35.1476,8386,11521,83.4800,8.9330,0.0020,36.9443,7.1310,20.8550,100.3180,0.8350,17.7130,2412.7200,3892.6470,0.9880,NaN,NaN,NaN,NaN,30.1014,36.7681,NaN,5.23916,0.0249662,43.1601,NaN,510.671,5759.82,NaN
1,1,1,0,1,48,1,1,1,1,0,15,15,15,515.599,8300.61,NaN,53.5136,36.9037,8387,11545,88.3024,7.5330,0.0020,36.7712,5.9100,21.6860,111.5820,0.8490,17.8850,3850.4460,5446.8710,1.1450,NaN,NaN,NaN,NaN,30.7404,36.594,NaN,5.32631,0.0238779,43.3085,NaN,520.949,8349.24,NaN
2,1,1,0,1,48,1,1,1,1,0,15,15,15,508.56,8205.74,NaN,52.9505,36.6955,8309,11579,88.6964,8.3820,0.0010,36.718,5.9480,17.6570,57.4880,0.8320,17.9610,3774.3040,5490.1130,1.1110,NaN,NaN,NaN,NaN,30.5815,36.5392,NaN,5.33709,0.0180341,43.3519,NaN,513.915,8254.43,NaN
3,1,1,0,1,48,1,1,1,1,0,15,15,15,509.51,8231.44,NaN,52.7667,36.7347,8351,11769,87.8791,7.9670,0.0010,36.9879,6.3510,17.9650,57.4740,0.7810,17.5890,3730.3900,5397.3040,0.9500,NaN,NaN,NaN,NaN,30.4551,36.8072,NaN,5.21336,0.0290516,43.2921,NaN,514.753,8279.95,NaN
1,1,1,0,1,63,1,1,1,1,0,15,15,15,519.775,10177.9,NaN,54.1153,38.608,8279,12281,89.2700,7.3260,0.0010,36.2669,5.3490,20.2730,69.7670,0.8370,18.2180,5156.6170,7256.8270,1.1170,NaN,NaN,NaN,NaN,30.9424,36.0916,NaN,5.2342,0.0297823,43.3639,NaN,525.039,10226.5,NaN
2,1,1,0,1,63,1,1,1,1,0,15,15,15,523.238,10341.3,NaN,53.7774,38.3346,8238,11875,90.9706,7.0100,0.0010,36.7587,5.1510,25.3260,134.5190,0.8290,17.9310,5022.0150,7141.8420,1.3180,NaN,NaN,NaN,NaN,31.2249,36.5815,NaN,5.23407,0.021743,43.2988,NaN,528.493,10389.8,NaN
3,1,1,0,1,63,1,1,1,1,0,15,15,15,501.827,10307.2,NaN,54.3324,38.5079,8165,12014,91.0203,6.9380,0.0010,36.4625,5.3870,21.9450,117.1990,0.7860,18.0610,5183.3660,7241.8780,1.2140,NaN,NaN,NaN,NaN,29.9181,36.2849,NaN,5.26629,0.0207784,43.5087,NaN,507.114,10356,NaN
1,1,1,0,16,1,1,1,1,1,0,15,15,15,431.883,976.552,NaN,44.9136,32.6616,8734,9809,69.0543,3.3190,0.0010,44.3512,25.6710,91.3530,265.2930,0.7960,10.9470,421.1500,920.3740,0.8930,NaN,NaN,NaN,NaN,7.82419,44.1766,NaN,5.32047,0.0171054,41.8631,NaN,437.22,1023.74,NaN
2,1,1,0,16,1,1,1,1,1,0,15,15,15,429.775,984.117,NaN,45.169,32.8667,8739,9960,68.6932,3.3200,0.0020,44.674,25.6830,92.6320,260.0490,0.8540,10.8380,433.5560,927.5270,0.8290,NaN,NaN,NaN,NaN,7.77736,44.4939,NaN,5.27548,0.0179764,41.9967,NaN,435.068,1031.39,NaN
3,1,1,0,16,1,1,1,1,1,0,15,15,15,419.274,973.112,NaN,44.9714,33.0249,8686,9969,69.3268,3.2780,0.0010,44.4914,25.6520,91.7420,255.1000,0.7530,10.8250,429.2340,864.5460,0.9490,NaN,NaN,NaN,NaN,7.58084,44.3036,NaN,5.2939,0.0247424,41.6806,NaN,424.593,1020.09,NaN
1,1,1,0,16,16,1,1,1,1,0,15,15,15,1521.44,3134.06,NaN,47.5539,34.1188,8437,9705,71.5649,2.4130,0.0010,41.8376,19.1910,236.9460,880.1430,1.4270,13.1390,837.3560,1767.6710,1.0650,NaN,NaN,NaN,NaN,27.0711,41.6602,NaN,5.30753,0.0169952,42.2338,NaN,1526.77,3181.6,NaN
2,1,1,0,16,16,1,1,1,1,0,15,15,15,1519.5,3131.72,NaN,47.6873,34.0261,8466,10333,72.0461,2.4490,0.0140,41.8036,19.0590,260.5400,955.1590,1.1790,13.1650,838.1180,1768.3150,1.3940,NaN,NaN,NaN,NaN,27.0803,41.6242,NaN,5.27249,0.0219382,42.4078,NaN,1524.8,3179.4,NaN
3,1,1,0,16,16,1,1,1,1,0,15,15,15,1527.69,3117.92,NaN,47.5958,34.2189,8488,8987,71.7900,2.4460,0.0010,41.7521,19.5680,261.3460,968.2610,1.0940,13.0710,831.3510,1786.1950,1.1510,NaN,NaN,NaN,NaN,27.0321,41.5757,NaN,5.25078,0.0271232,42.1545,NaN,1532.97,3165.33,NaN
1,1,1,0,16,32,1,1,1,1,0,15,15,15,1536.63,5698.17,NaN,50.1854,35.9547,8236,10292,77.0929,1.9230,0.0010,39.6367,14.8420,246.0010,998.1320,1.0850,15.0730,1908.4070,3355.1250,1.4480,NaN,NaN,NaN,NaN,27.6705,39.4602,NaN,5.29612,0.0226191,42.6372,NaN,1541.95,5746.1,NaN
2,1,1,0,16,32,1,1,1,1,0,15,15,15,1548.57,5787.69,NaN,50.2586,35.4919,8294,11179,75.8297,1.8810,0.0010,39.8282,14.7440,293.9230,1095.4800,1.1830,15.0130,1989.9770,3386.0560,1.1980,NaN,NaN,NaN,NaN,27.4819,39.6509,NaN,5.20775,0.0231143,42.8117,NaN,1553.8,5835.71,NaN
3,1,1,0,16,32,1,1,1,1,0,15,15,15,1544.59,5748.95,NaN,50.2186,36.1253,8230,11278,76.8639,1.8800,0.0010,40.0448,14.7310,293.3960,1156.7110,1.4840,14.6930,1917.9000,3272.7530,1.2440,NaN,NaN,NaN,NaN,27.5652,39.8596,NaN,5.19382,0.0225879,42.6943,NaN,1549.81,5796.84,NaN
1,1,1,0,16,48,1,1,1,1,0,15,15,15,1557.93,8106.95,NaN,51.5667,37.8319,8106,13263,82.8426,1.5470,0.0020,38.7742,11.9150,294.0310,1507.6550,1.5160,15.9770,3169.6100,5054.5870,1.1560,NaN,NaN,NaN,NaN,28.1373,38.5926,NaN,5.2478,0.020765,43.1125,NaN,1563.2,8155.31,NaN
2,1,1,0,16,48,1,1,1,1,0,15,15,15,1525.82,8237.48,NaN,51.5051,37.6545,8090,11902,82.1703,1.5880,0.0010,39.1405,12.3920,278.0820,1308.7290,1.3360,15.7220,3188.5150,5250.3180,1.2220,NaN,NaN,NaN,NaN,27.6718,38.9654,NaN,5.3041,0.0274152,42.9354,NaN,1531.15,8285.72,NaN
3,1,1,0,16,48,1,1,1,1,0,15,15,15,1544.04,8217.97,NaN,50.949,37.979,8087,11434,82.3549,1.5850,0.0060,39.1277,12.3670,307.8100,1418.5230,1.3850,15.7300,3144.0390,5068.0840,1.4760,NaN,NaN,NaN,NaN,27.7694,38.9511,NaN,5.23287,0.0226873,42.749,NaN,1549.3,8265.95,NaN
1,1,1,0,16,63,1,1,1,1,0,15,15,15,1534.67,10091.3,NaN,52.2425,39.271,7937,10540,86.0588,1.3210,0.0010,38.1887,10.5720,252.8580,1138.7130,1.4630,16.4020,4259.6220,6957.5370,1.2900,NaN,NaN,NaN,NaN,28.1826,38.0081,NaN,5.2425,0.0185369,42.848,NaN,1539.93,10139.4,NaN
2,1,1,0,16,63,1,1,1,1,0,15,15,15,1542.34,10183.1,NaN,51.6277,39.4035,7943,11019,86.5042,1.3590,0.0010,38.4609,10.5650,296.1950,1569.8700,1.7340,16.2750,4219.4800,6859.1610,1.1430,NaN,NaN,NaN,NaN,27.9278,38.2815,NaN,5.23251,0.025851,42.9641,NaN,1547.6,10231.3,NaN
3,1,1,0,16,63,1,1,1,1,0,15,15,15,1554.49,9972.59,NaN,52.3351,39.5906,7934,10506,86.5536,1.3180,0.0250,37.9259,10.1970,273.9960,1484.7510,1.5550,16.5940,4380.5930,7046.7040,2.0090,NaN,NaN,NaN,NaN,28.4049,37.7423,NaN,5.19431,0.0190107,42.9148,NaN,1559.7,10020.7,NaN
1,1,1,0,32,1,1,1,1,1,0,15,15,15,604.427,983.687,NaN,45.1299,33.9181,8671,9105,69.6830,1.6830,0.0010,44.2483,25.7440,148.6250,387.2160,0.8710,10.9780,461.8480,832.5020,1.1460,NaN,NaN,NaN,NaN,6.15172,44.07,NaN,5.30532,0.0166066,41.6274,NaN,609.749,1030.62,NaN
2,1,1,0,32,1,1,1,1,1,0,15,15,15,616.121,988.097,NaN,44.9822,33.5469,8681,9448,69.3380,1.7220,0.0140,44.3935,25.7460,149.1950,410.4780,0.7960,11.0560,460.6100,828.4660,0.9330,NaN,NaN,NaN,NaN,6.10638,44.2174,NaN,5.2815,0.0172901,41.823,NaN,621.42,1035.2,NaN
3,1,1,0,32,1,1,1,1,1,0,15,15,15,595.369,986.963,NaN,45.4097,33.9247,8635,10720,69.3220,1.7230,0.0010,44.3761,25.7700,147.0120,414.3580,0.9760,11.0660,464.9560,887.2280,0.8510,NaN,NaN,NaN,NaN,6.07166,44.2034,NaN,5.33041,0.0167358,41.9486,NaN,600.716,1034.24,NaN
1,1,1,0,32,16,1,1,1,1,0,15,15,15,2698.94,3300.52,NaN,45.5606,34.9812,8773,11368,68.2789,1.6130,0.0130,44.6592,24.5780,430.7130,1187.7270,1.2460,10.9450,753.4320,1621.2780,1.2010,NaN,NaN,NaN,NaN,26.3295,44.476,NaN,5.22677,0.0214778,42.1337,NaN,2704.19,3347.88,NaN
2,1,1,0,32,16,1,1,1,1,0,15,15,15,2790.52,3289.08,NaN,45.3951,34.8651,8817,9565,68.2068,1.5720,0.0040,44.9294,24.4640,426.8000,981.7850,1.4130,10.5450,695.6420,1676.7330,1.3620,NaN,NaN,NaN,NaN,26.4414,44.7506,NaN,5.22692,0.018633,41.8822,NaN,2795.76,3336.19,NaN
3,1,1,0,32,16,1,1,1,1,0,15,15,15,2673.85,3258.34,NaN,45.1712,35.3926,8813,9090,68.0439,1.5760,0.0020,44.3956,24.7170,392.0570,1000.7090,1.4590,10.9170,731.9450,1662.9070,0.9660,NaN,NaN,NaN,NaN,26.2587,44.2182,NaN,5.29883,0.0225904,41.7197,NaN,2679.17,3305.35,NaN
1,1,1,0,32,32,1,1,1,1,0,15,15,15,2880.93,5925.65,NaN,47.961,36.7599,8414,10154,75.4059,1.1560,0.0150,41.887,18.5000,486.5370,1738.2880,1.9990,13.2200,1718.9640,3167.2010,0.9460,NaN,NaN,NaN,NaN,26.8365,41.6987,NaN,5.22138,0.0210295,42.2839,NaN,2886.17,5973.16,NaN
2,1,1,0,32,32,1,1,1,1,0,15,15,15,2909.52,5788.56,NaN,48.5112,37.2132,8440,9841,75.6923,1.1570,0.0040,41.2668,17.5810,531.6460,1519.9840,1.9400,13.5710,1735.4500,3173.1880,1.0960,NaN,NaN,NaN,NaN,27.1779,41.0821,NaN,5.19822,0.0179677,42.3006,NaN,2914.74,5836.06,NaN
3,1,1,0,32,32,1,1,1,1,0,15,15,15,2894.25,5784.94,NaN,48.4014,37.0018,8288,9383,75.7867,1.1560,0.0010,41.2741,17.6020,495.9260,1436.4170,1.6500,13.4810,1719.3730,3224.2170,1.4250,NaN,NaN,NaN,NaN,27.0955,41.0936,NaN,5.2054,0.0236929,42.2562,NaN,2899.48,5832.4,NaN
1,1,1,0,32,48,1,1,1,1,0,15,15,15,2910.66,8165.47,NaN,49.3034,38.7592,8186,11306,81.1514,0.9700,0.0010,40.1947,14.9040,577.6570,1944.8900,1.6490,14.4770,2865.0870,4822.5510,1.7280,NaN,NaN,NaN,NaN,27.4423,40.0149,NaN,5.30581,0.0238939,42.5314,NaN,2915.99,8213.31,NaN
2,1,1,0,32,48,1,1,1,1,0,15,15,15,2894.36,8238.4,NaN,49.8389,38.8625,8185,11856,80.6972,0.9320,0.0020,40.2735,14.9090,639.0780,2158.9190,1.8930,14.4040,2909.0160,4955.4740,1.1950,NaN,NaN,NaN,NaN,27.2102,40.0894,NaN,5.25802,0.0233232,42.7458,NaN,2899.64,8286.4,NaN
3,1,1,0,32,48,1,1,1,1,0,15,15,15,2912.25,8074.67,NaN,50.6468,38.4614,8064,11189,80.5992,0.8940,0.0020,40.0111,13.7590,641.0030,2237.0140,2.0880,14.8870,2692.4390,4716.3410,1.0320,NaN,NaN,NaN,NaN,27.549,39.8322,NaN,5.28655,0.0222886,42.8099,NaN,2917.56,8122.77,NaN
1,1,1,0,32,63,1,1,1,1,0,15,15,15,2929.83,9882.29,NaN,52.3379,40.2583,7966,11785,84.5188,0.7430,0.0070,38.8116,11.2560,641.9470,2635.2830,1.9290,15.9460,3860.2290,6722.6470,1.5880,NaN,NaN,NaN,NaN,27.9139,38.6344,NaN,5.31423,0.020079,43.0952,NaN,2935.17,9930.7,NaN
2,1,1,0,32,63,1,1,1,1,0,15,15,15,2867.39,10184.2,NaN,51.0756,40.5491,8052,12225,83.7847,0.7820,0.0010,39.3027,12.5060,535.5590,1449.8150,2.7910,15.3200,3946.5860,6990.3710,1.7340,NaN,NaN,NaN,NaN,27.4181,39.1164,NaN,5.36524,0.0226354,43.0106,NaN,2872.78,10232.5,NaN
3,1,1,0,32,63,1,1,1,1,0,15,15,15,2864.54,10127,NaN,51.0253,40.275,8032,10753,84.3694,0.7790,0.0030,39.3539,12.4680,477.2320,1519.1280,1.6940,15.4290,3828.9000,6843.8590,1.2750,NaN,NaN,NaN,NaN,27.5963,39.1703,NaN,5.19594,0.0205611,42.7973,NaN,2869.76,10175,NaN
1,1,1,0,48,1,1,1,1,1,0,15,15,15,797.907,984.873,NaN,44.9166,34.4694,8634,8989,69.1991,1.1500,0.0070,44.388,25.8030,193.1820,579.8460,0.9110,10.9650,462.6020,941.0370,0.9400,NaN,NaN,NaN,NaN,5.83529,44.2095,NaN,5.24442,0.0170605,41.5059,NaN,803.169,1031.62,NaN
2,1,1,0,48,1,1,1,1,1,0,15,15,15,766.248,987.046,NaN,44.6852,34.4932,8703,9951,69.5659,1.1510,0.0040,44.3449,25.8300,189.4370,603.7260,1.0200,10.9770,473.4880,889.1260,0.9390,NaN,NaN,NaN,NaN,5.77792,44.1489,NaN,5.27601,0.0220372,41.5694,NaN,771.546,1033.89,NaN
3,1,1,0,48,1,1,1,1,1,0,15,15,15,838.098,992.741,NaN,44.8746,34.7555,8688,8558,69.7441,1.1860,0.0010,44.6113,25.7530,208.7610,599.8960,0.9230,10.8290,463.3980,877.4960,0.7590,NaN,NaN,NaN,NaN,6.1436,44.4278,NaN,5.20458,0.0174842,41.6061,NaN,843.32,1039.55,NaN
1,1,1,0,48,16,1,1,1,1,0,15,15,15,2939.51,3350.1,NaN,44.4376,36.3066,8757,9108,67.8043,1.2720,0.0090,45.3089,25.9420,514.1170,1233.3330,1.9630,10.0610,726.9800,1717.0100,1.1920,NaN,NaN,NaN,NaN,22.3972,45.1333,NaN,5.27852,0.0242436,41.6377,NaN,2944.81,3397.01,NaN
2,1,1,0,48,16,1,1,1,1,0,15,15,15,2888.48,3344.07,NaN,45.023,36.0609,8860,8879,68.4480,1.2730,0.0050,45.2886,25.9670,526.0810,1293.9760,1.6220,10.1860,736.5690,1635.1220,1.0530,NaN,NaN,NaN,NaN,21.6129,45.1106,NaN,5.30327,0.0174,41.6562,NaN,2893.8,3391.03,NaN
3,1,1,0,48,16,1,1,1,1,0,15,15,15,2861.93,3357.03,NaN,44.6837,36.1887,8892,9404,69.1630,1.2720,0.0010,45.3784,25.9340,530.6190,1376.6240,1.1930,10.1350,767.2550,1732.9070,1.1600,NaN,NaN,NaN,NaN,21.5394,45.2005,NaN,5.27574,0.0165595,41.7759,NaN,2867.23,3404.09,NaN
1,1,1,0,48,32,1,1,1,1,0,15,15,15,4101.25,6131.77,NaN,46.5476,37.8028,8624,11036,72.5956,0.8920,0.0010,43.724,20.4770,674.3470,1539.8560,2.2040,11.6350,1586.7040,3342.7320,1.1310,NaN,NaN,NaN,NaN,26.5479,43.5469,NaN,5.34769,0.0164554,42.0596,NaN,4106.61,6179.17,NaN
2,1,1,0,48,32,1,1,1,1,0,15,15,15,4116.75,6019.21,NaN,46.0211,37.8772,8537,9032,74.7638,0.8910,0.0070,42.9965,20.4540,658.3230,1540.0480,2.4270,12.1250,1587.7090,3243.1570,1.1990,NaN,NaN,NaN,NaN,26.613,42.8223,NaN,5.25073,0.0225821,41.8661,NaN,4122.02,6066.33,NaN
3,1,1,0,48,32,1,1,1,1,0,15,15,15,4134.46,5980.18,NaN,46.3415,37.7572,8471,9811,74.6540,0.9290,0.0010,43.0004,20.4820,651.6320,1605.9790,1.9900,12.0800,1525.9440,3278.8890,1.0440,NaN,NaN,NaN,NaN,26.7107,42.826,NaN,5.23169,0.0174025,41.8153,NaN,4139.71,6027.23,NaN
1,1,1,0,48,48,1,1,1,1,0,15,15,15,4192.44,8228.73,NaN,48.758,39.7238,8293,9917,79.4173,0.7370,0.0060,41.2592,16.7660,804.6910,2491.9100,1.7360,13.5060,2414.0000,4524.6160,1.9750,NaN,NaN,NaN,NaN,26.9816,41.0743,NaN,5.1772,0.0293386,42.3998,NaN,4197.65,8276.3,NaN
2,1,1,0,48,48,1,1,1,1,0,15,15,15,4161.24,8273.84,NaN,48.2069,39.6276,8296,11259,78.6527,0.7400,0.0130,41.343,16.8270,834.8300,2375.5640,1.7860,13.3600,2533.8070,4747.9900,2.3900,NaN,NaN,NaN,NaN,26.8322,41.1632,NaN,5.29436,0.0196756,42.2464,NaN,4166.55,8321.38,NaN
3,1,1,0,48,48,1,1,1,1,0,15,15,15,4164.95,8204.71,NaN,48.3819,39.8787,8271,9315,78.6146,0.7410,0.0020,41.2073,16.8500,822.8550,2076.0650,2.9210,13.4570,2491.5420,4544.9340,1.2430,NaN,NaN,NaN,NaN,26.7785,41.0254,NaN,5.28616,0.0199542,42.0049,NaN,4170.26,8252,NaN
1,1,1,0,48,63,1,1,1,1,0,15,15,15,4249.49,9966.7,NaN,50.7068,41.3429,8034,11314,82.1103,0.6260,0.0010,39.8347,13.1860,848.5590,3031.6150,2.3730,14.9470,3534.3240,6596.0390,0.6490,NaN,NaN,NaN,NaN,27.6025,39.6563,NaN,5.23101,0.0186599,42.9125,NaN,4254.74,10014.8,NaN
2,1,1,0,48,63,1,1,1,1,0,15,15,15,4237.29,10004.6,NaN,50.6326,41.1034,8064,11630,82.7526,0.5860,0.0020,39.8986,13.1750,791.3600,3048.8800,1.6520,14.8560,3556.5330,6565.8770,1.4820,NaN,NaN,NaN,NaN,27.5527,39.7204,NaN,5.23267,0.0330156,42.7521,NaN,4242.55,10052.6,NaN
3,1,1,0,48,63,1,1,1,1,0,15,15,15,4246.45,10058.3,NaN,50.4037,41.3696,8112,12037,82.5580,0.6260,0.0150,39.9614,13.2180,832.3410,3152.9570,1.7970,14.8220,3580.2220,6613.1500,3.1920,NaN,NaN,NaN,NaN,27.542,39.7861,NaN,5.22202,0.0215874,42.9828,NaN,4251.7,10106.6,NaN
1,1,1,0,63,1,1,1,1,1,0,15,15,15,941.903,991.348,NaN,45.0691,35.475,8724,9300,69.5455,0.8840,0.0050,44.493,25.8720,247.8230,644.8800,1.2370,10.8410,477.7420,888.6350,0.9620,NaN,NaN,NaN,NaN,5.76291,44.3159,NaN,5.1969,0.0201846,41.6404,NaN,947.12,1038.19,NaN
2,1,1,0,63,1,1,1,1,1,0,15,15,15,958.053,998.207,NaN,44.459,35.4138,8773,8609,69.6877,0.8450,0.0010,44.6956,25.8490,251.6720,678.4510,0.7600,10.6010,488.7360,921.8460,0.9270,NaN,NaN,NaN,NaN,6.07096,44.5111,NaN,5.21413,0.0161641,41.3396,NaN,963.283,1044.76,NaN
3,1,1,0,63,1,1,1,1,1,0,15,15,15,926.977,997.362,NaN,44.9188,35.6887,8723,9403,69.6325,0.8460,0.0040,44.583,25.8850,235.8570,652.2790,0.8920,10.8080,479.7390,905.2800,0.8990,NaN,NaN,NaN,NaN,5.83258,44.4073,NaN,5.23894,0.0201095,41.6427,NaN,932.236,1044.24,NaN
1,1,1,0,63,16,1,1,1,1,0,15,15,15,2792.39,3308.79,NaN,44.2391,36.8384,8879,8394,68.8943,1.1200,0.0110,45.1905,25.9880,491.7000,1351.6860,1.7390,10.1940,657.6050,1400.0500,1.5700,NaN,NaN,NaN,NaN,16.8295,45.0137,NaN,5.23833,0.0174054,41.6007,NaN,2797.65,3355.62,NaN
2,1,1,0,63,16,1,1,1,1,0,15,15,15,2792.73,3308.94,NaN,44.0076,36.9881,8903,9230,68.7064,1.1190,0.0010,45.2685,25.9780,507.3300,1318.5080,2.3500,10.0750,642.0980,1392.9900,2.0220,NaN,NaN,NaN,NaN,16.8337,45.0936,NaN,5.25614,0.0194819,41.5017,NaN,2798.01,3355.7,NaN
3,1,1,0,63,16,1,1,1,1,0,15,15,15,2824.37,3324.71,NaN,44.5168,36.992,8826,8750,68.8768,1.1200,0.0020,45.2607,25.9930,504.5590,1349.8290,2.0970,10.1580,694.1780,1607.9030,1.3350,NaN,NaN,NaN,NaN,16.8028,45.0823,NaN,5.22609,0.0166212,41.4787,NaN,2829.62,3371.41,NaN
1,1,1,0,63,32,1,1,1,1,0,15,15,15,5116.26,6029.42,NaN,45.608,39.0109,8478,9846,73.4380,0.7760,0.0050,44.0464,22.0260,803.1920,1907.5450,2.4520,11.1680,1381.1110,2822.8700,0.9030,NaN,NaN,NaN,NaN,26.3085,43.8681,NaN,5.24088,0.0187499,41.8123,NaN,5121.52,6076.48,NaN
2,1,1,0,63,32,1,1,1,1,0,15,15,15,5085.91,6041.86,NaN,46.0264,38.504,8710,8930,71.5493,0.7750,0.0050,44.0657,22.0890,770.0020,1846.4840,1.6070,11.2380,1401.9370,2757.2430,1.2100,NaN,NaN,NaN,NaN,26.27,43.8731,NaN,5.20803,0.0200174,41.7639,NaN,5091.14,6088.83,NaN
3,1,1,0,63,32,1,1,1,1,0,15,15,15,5085.73,6029.37,NaN,45.8218,38.7699,8701,9847,71.3679,0.7370,0.0050,44.1328,22.2740,775.3710,1951.4890,1.4000,11.1760,1364.2850,2874.2830,1.5800,NaN,NaN,NaN,NaN,26.2329,43.9545,NaN,5.20831,0.0329746,41.4573,NaN,5090.97,6076.03,NaN
1,1,1,0,63,48,1,1,1,1,0,15,15,15,5374.99,8333.1,NaN,47.2348,40.6013,8449,10585,77.5158,0.5860,0.0050,42.1507,18.3320,976.2780,3071.5090,2.0960,12.8990,2431.2460,4761.7470,1.3260,NaN,NaN,NaN,NaN,26.8493,41.9748,NaN,5.22923,0.0242196,42.333,NaN,5380.24,8380.67,NaN
2,1,1,0,63,48,1,1,1,1,0,15,15,15,5320.16,8223.19,NaN,47.7018,40.5782,8419,9315,77.6797,0.6240,0.0020,42.0556,18.0970,945.6780,2484.9320,1.8260,12.9490,2234.5740,4439.7710,1.2520,NaN,NaN,NaN,NaN,26.8375,41.8764,NaN,5.25224,0.0214096,41.8819,NaN,5325.43,8270.33,NaN
3,1,1,0,63,48,1,1,1,1,0,15,15,15,5347.35,8244.73,NaN,47.1172,40.2812,8436,8709,77.0871,0.6260,0.0020,42.0513,18.1450,962.1600,2949.3120,2.2830,12.9050,2295.4460,4515.4850,1.9740,NaN,NaN,NaN,NaN,26.7709,41.8709,NaN,5.32841,0.0167993,41.9323,NaN,5352.69,8291.99,NaN
1,1,1,0,63,63,1,1,1,1,0,15,15,15,5350.85,9935.49,NaN,49.1625,41.9425,8176,10054,80.6469,0.5500,0.0010,40.73,14.9990,845.7020,2368.3640,2.5790,13.9390,3024.0650,5443.5000,0.9470,NaN,NaN,NaN,NaN,27.259,40.5509,NaN,5.24186,0.0191387,42.2495,NaN,5356.11,9982.99,NaN
2,1,1,0,63,63,1,1,1,1,0,15,15,15,5364.8,9883.5,NaN,49.2649,41.9511,8202,10014,80.3881,0.5490,0.0030,40.5638,14.9140,887.4940,2457.0950,1.6710,14.0900,3068.8380,5523.4880,1.3160,NaN,NaN,NaN,NaN,27.2994,40.3887,NaN,5.29298,0.0213614,42.2953,NaN,5370.11,9931.09,NaN
3,1,1,0,63,63,1,1,1,1,0,15,15,15,5336.7,10109.3,NaN,49.6618,42.4317,8120,10454,80.7156,0.5090,0.0020,40.9088,14.7990,871.4770,2383.1560,3.0500,13.8590,3140.2440,6352.0810,1.1600,NaN,NaN,NaN,NaN,27.1923,40.7295,NaN,5.20015,0.0236824,42.3425,NaN,5341.92,10156.9,NaN
1,1,0,1,1,1,1,1,1,1,0,15,15,15,586.267,NaN,487.728,26.4981,31.1642,9128,1388,82.4880,30.5190,0.0050,35.3911,15.2600,15.3800,19.9890,0.5830,NaN,NaN,NaN,NaN,15.2600,14.9840,48.6970,0.6050,35.3864,NaN,35.3718,5.25288,0.0122527,NaN,0.186069,591.532,NaN,493.167
2,1,0,1,1,1,1,1,1,1,0,15,15,15,584.815,NaN,486.081,27.1805,31.0836,9216,1343,82.4354,30.6650,0.0010,35.2704,15.3130,15.4220,19.3850,0.6050,NaN,NaN,NaN,NaN,15.3900,15.1400,46.7870,0.6560,35.2698,NaN,35.2477,5.37288,0.0111993,NaN,0.17797,590.199,NaN,491.632
3,1,0,1,1,1,1,1,1,1,0,15,15,15,588.726,NaN,489.611,26.4217,31.1167,9216,1122,82.3503,30.1680,0.0020,35.5077,15.0650,15.4300,19.2840,0.6210,NaN,NaN,NaN,NaN,15.1410,15.1480,50.5860,0.5810,35.5029,NaN,35.4845,5.33302,0.0110153,NaN,0.188459,594.07,NaN,495.132
1,1,0,1,1,1,16,1,1,1,0,15,15,15,517.097,NaN,859.028,38.4358,31.9072,7591,2681,92.7044,3.2830,0.0010,27.2768,10.5350,239.4050,441.5930,1.0380,NaN,NaN,NaN,NaN,25.6880,196.1930,686.7620,0.7000,27.2755,NaN,15.485,5.30711,0.0210563,NaN,0.177135,522.425,NaN,864.512
2,1,0,1,1,1,16,1,1,1,0,15,15,15,519.065,NaN,819.139,38.325,31.9731,7629,2399,93.2074,3.2770,0.0190,27.2688,11.0500,235.5520,430.0740,0.8990,NaN,NaN,NaN,NaN,25.6440,188.0580,688.8160,0.6920,27.2676,NaN,14.8787,5.25835,0.0188144,NaN,0.180623,524.342,NaN,824.578
3,1,0,1,1,1,16,1,1,1,0,15,15,15,520.375,NaN,833.873,38.3553,31.9553,7693,2376,93.0248,3.3150,0.0020,27.2838,10.8220,240.0830,448.6450,0.8500,NaN,NaN,NaN,NaN,25.6460,187.1140,691.4870,0.6450,27.2826,NaN,15.2577,5.26009,0.0185286,NaN,0.179795,525.654,NaN,839.313
1,1,0,1,1,1,32,1,1,1,0,15,15,15,518.564,NaN,1462.41,39.0183,33.0001,7466,2406,93.6774,1.7220,0.0010,27.2081,10.4850,260.6150,457.4090,1.1070,NaN,NaN,NaN,NaN,25.7530,376.3170,1390.9730,0.8060,27.2073,NaN,14.4595,5.25471,0.021126,NaN,0.177952,523.839,NaN,1467.84
2,1,0,1,1,1,32,1,1,1,0,15,15,15,519.125,NaN,1505.56,38.8067,33.0181,7460,2744,94.0933,1.6830,0.0040,27.2463,10.2120,256.4580,432.2740,1.1020,NaN,NaN,NaN,NaN,25.7390,390.8080,1366.7590,0.5610,27.2454,NaN,14.8499,5.26865,0.0177766,NaN,0.177344,524.411,NaN,1511.01
3,1,0,1,1,1,32,1,1,1,0,15,15,15,522.561,NaN,1468.55,38.6771,33.0021,7494,2404,93.8585,1.6820,0.0010,27.2659,10.3590,260.9620,455.3040,0.9820,NaN,NaN,NaN,NaN,25.7270,376.3540,1369.9000,0.5660,27.2654,NaN,14.5733,5.21675,0.0185968,NaN,0.181597,527.796,NaN,1473.95
1,1,0,1,1,1,48,1,1,1,0,15,15,15,518.758,NaN,2040.24,39.3737,34.1078,7410,2683,94.5159,1.1520,0.0090,27.2137,9.5980,271.5530,459.3000,0.8770,NaN,NaN,NaN,NaN,25.8370,551.5100,2134.6160,0.9040,27.2122,NaN,14.909,5.22397,0.020802,NaN,0.179683,524.003,NaN,2045.65
2,1,0,1,1,1,48,1,1,1,0,15,15,15,515.334,NaN,2073.59,39.1835,34.1347,7334,3211,98.0750,1.1560,0.0040,27.1255,9.2450,270.7340,453.6290,1.0850,NaN,NaN,NaN,NaN,25.9250,557.6090,2074.2470,0.8100,27.1247,NaN,15.2061,5.39665,0.0194366,NaN,0.179953,520.75,NaN,2079.17
3,1,0,1,1,1,48,1,1,1,0,15,15,15,516.461,NaN,2073.55,39.7518,34.1239,7386,2763,94.3107,1.1920,0.0010,27.2199,9.3430,263.1570,465.0670,0.9820,NaN,NaN,NaN,NaN,25.8750,551.7690,2176.0310,0.8650,27.2188,NaN,15.2239,5.24318,0.020691,NaN,0.185392,521.725,NaN,2078.98
1,1,0,1,1,1,63,1,1,1,0,15,15,15,516.593,NaN,2484.14,39.6444,35.1807,7330,2555,98.4308,0.8500,0.0020,27.0831,9.1930,284.5990,465.1940,1.2590,NaN,NaN,NaN,NaN,25.9940,680.2100,2545.4930,0.8290,27.082,NaN,15.022,5.28324,0.0192088,NaN,0.178123,521.895,NaN,2489.6
2,1,0,1,1,1,63,1,1,1,0,15,15,15,511.26,NaN,2566.98,39.8313,35.2784,7297,2356,98.0585,0.8490,0.0010,27.0973,8.9190,272.6340,464.0380,1.1290,NaN,NaN,NaN,NaN,25.9860,699.2130,2448.8930,0.9140,27.0964,NaN,15.4885,5.31632,0.0187459,NaN,0.17961,516.595,NaN,2572.47
3,1,0,1,1,1,63,1,1,1,0,15,15,15,512.461,NaN,2553.96,39.5453,35.1774,7341,3111,98.1512,0.8870,0.0070,27.2085,9.0270,273.7070,447.5400,1.2370,NaN,NaN,NaN,NaN,25.9620,690.8410,2541.4260,0.6020,27.2074,NaN,15.4098,5.28482,0.017462,NaN,0.17277,517.763,NaN,2559.41
1,1,0,1,16,1,1,1,1,1,0,15,15,15,362.957,NaN,502.274,38.1089,31.8277,8062,2156,95.1400,3.3160,0.0020,27.3849,25.6500,79.0070,233.4580,0.6640,NaN,NaN,NaN,NaN,15.7410,319.5350,691.5360,0.7830,6.56518,NaN,27.384,5.321,0.0193317,NaN,0.177037,368.297,NaN,507.772
2,1,0,1,16,1,1,1,1,1,0,15,15,15,382.723,NaN,500.083,38.056,31.8696,8126,2213,95.1470,3.3160,0.0120,27.4174,25.6480,81.6470,257.3900,0.6510,NaN,NaN,NaN,NaN,15.5870,313.1340,640.5780,0.8410,6.90662,NaN,27.416,5.28919,0.0154614,NaN,0.181172,388.028,NaN,505.554
3,1,0,1,16,1,1,1,1,1,0,15,15,15,354.886,NaN,502.071,37.9064,31.7965,7994,2200,95.4037,3.3080,0.0060,27.4124,25.5900,76.5440,259.2720,0.7980,NaN,NaN,NaN,NaN,15.7800,316.9490,661.5190,0.8460,6.41978,NaN,27.4115,5.21934,0.0163063,NaN,0.180094,360.121,NaN,507.471
1,1,0,1,16,1,16,1,1,1,0,15,15,15,1511.53,NaN,1533.5,38.9471,32.6618,7857,2538,91.0959,2.4440,0.0010,27.3592,19.5500,174.3620,641.3710,0.8170,NaN,NaN,NaN,NaN,19.4360,273.7280,903.1330,0.8900,27.3062,NaN,27.3582,5.20938,0.0159152,NaN,0.191007,1516.75,NaN,1538.9
2,1,0,1,16,1,16,1,1,1,0,15,15,15,1513.24,NaN,1524.47,39.199,32.6164,7857,2316,91.1426,2.4060,0.0010,27.3761,18.9440,178.2230,662.3180,0.7700,NaN,NaN,NaN,NaN,19.4410,275.6360,934.1550,0.8200,27.3726,NaN,27.3746,5.24402,0.0189127,NaN,0.194273,1518.5,NaN,1529.91
3,1,0,1,16,1,16,1,1,1,0,15,15,15,1511.4,NaN,1519.97,38.8103,32.5957,7869,2640,91.1396,2.4410,0.0010,27.3475,19.2630,173.3210,641.9670,0.8930,NaN,NaN,NaN,NaN,19.5300,271.5710,988.8770,0.7710,27.3292,NaN,27.3467,5.22462,0.0264332,NaN,0.195956,1516.65,NaN,1525.4
1,1,0,1,16,1,32,1,1,1,0,15,15,15,1487.66,NaN,2799.37,39.0464,33.6797,7426,2371,92.0552,1.5310,0.0030,27.242,11.6740,172.4620,623.3010,1.1570,NaN,NaN,NaN,NaN,24.4960,535.6720,1921.9040,0.8130,27.2408,NaN,26.3867,5.21574,0.018394,NaN,0.19106,1492.89,NaN,2804.78
2,1,0,1,16,1,32,1,1,1,0,15,15,15,1504.51,NaN,2804.38,39.6868,33.783,7370,3205,92.3011,1.5320,0.0100,27.3117,11.7230,173.7470,642.6640,0.9270,NaN,NaN,NaN,NaN,24.5190,536.9590,1903.7150,0.8400,27.3106,NaN,26.3954,5.21441,0.0206522,NaN,0.177496,1509.74,NaN,2809.77
3,1,0,1,16,1,32,1,1,1,0,15,15,15,1493.72,NaN,2776.48,39.2221,33.8014,7454,2676,92.2589,1.5350,0.0020,27.1873,11.7020,172.3360,627.8460,1.1600,NaN,NaN,NaN,NaN,24.5550,532.7030,1904.6270,1.0620,27.1866,NaN,26.347,5.28136,0.0211245,NaN,0.183387,1499.02,NaN,2781.94
1,1,0,1,16,1,48,1,1,1,0,15,15,15,1496.52,NaN,3379.19,40.1814,34.9327,7223,2986,96.0162,1.1600,0.0050,27.0781,8.8140,201.8700,686.7500,1.2010,NaN,NaN,NaN,NaN,26.0170,756.7760,2776.9400,1.0310,27.0766,NaN,25.6188,5.37395,0.0193756,NaN,0.18026,1501.91,NaN,3384.75
2,1,0,1,16,1,48,1,1,1,0,15,15,15,1508.58,NaN,3348.43,40.0056,34.9294,7343,3264,96.4300,1.1580,0.0020,27.1734,8.9920,201.2850,692.8960,0.9730,NaN,NaN,NaN,NaN,25.9730,748.1400,2829.6600,0.6920,27.1723,NaN,25.4114,5.36014,0.0195091,NaN,0.1808,1513.96,NaN,3353.97
3,1,0,1,16,1,48,1,1,1,0,15,15,15,1500.01,NaN,3330.6,39.6255,35.0066,7258,2969,96.7631,1.1580,0.0060,27.1313,9.1120,205.6280,659.3330,1.1190,NaN,NaN,NaN,NaN,25.9840,741.3250,2772.8420,0.8100,27.1307,NaN,25.194,5.33671,0.0174657,NaN,0.176623,1505.37,NaN,3336.11
1,1,0,1,16,1,63,1,1,1,0,15,15,15,1530.92,NaN,3622.46,39.7817,35.8861,7345,3406,97.4800,0.8490,0.0010,27.1302,8.7230,353.9770,1191.3960,1.6050,NaN,NaN,NaN,NaN,25.9760,845.1690,3063.9980,0.8940,27.1291,NaN,22.1299,5.2089,0.0188503,NaN,0.169246,1536.15,NaN,3627.84
2,1,0,1,16,1,63,1,1,1,0,15,15,15,1531.99,NaN,3596.57,39.3922,35.8762,7115,3067,96.8265,0.8510,0.0070,27.0643,8.8220,336.0750,1062.3410,1.6200,NaN,NaN,NaN,NaN,26.0420,855.5890,3154.2970,1.0630,27.0632,NaN,21.906,5.30246,0.0168116,NaN,0.177505,1537.31,NaN,3602.05
3,1,0,1,16,1,63,1,1,1,0,15,15,15,1526.27,NaN,3615.76,39.6207,35.8928,7261,3711,97.0612,0.8500,0.0020,27.0786,8.6960,347.5570,1304.0850,1.0540,NaN,NaN,NaN,NaN,26.0110,860.0070,3158.0070,0.7110,27.0774,NaN,22.1402,5.26632,0.0182148,NaN,0.182507,1531.55,NaN,3621.21
1,1,0,1,32,1,1,1,1,1,0,15,15,15,550.566,NaN,502.877,38.6142,32.7979,7926,2313,95.8793,1.7160,0.0020,27.3212,25.6670,139.0790,388.7470,1.1600,NaN,NaN,NaN,NaN,15.9420,328.4940,707.8040,0.8830,5.68848,NaN,27.3202,5.2337,0.020153,NaN,0.188953,555.82,NaN,508.3
2,1,0,1,32,1,1,1,1,1,0,15,15,15,558.508,NaN,505.505,38.6848,32.9687,7967,2415,95.5074,1.7210,0.0010,27.254,25.7370,140.1790,404.5770,0.9950,NaN,NaN,NaN,NaN,15.9090,330.2930,631.0730,1.1120,5.65118,NaN,27.2517,5.33241,0.0169937,NaN,0.184013,563.857,NaN,511.021
3,1,0,1,32,1,1,1,1,1,0,15,15,15,589.107,NaN,502.129,38.3801,32.7514,7981,2124,95.7496,1.7160,0.0010,27.3425,25.6570,143.2960,429.0090,0.7120,NaN,NaN,NaN,NaN,15.7070,321.1840,660.2950,0.8400,5.93192,NaN,27.3415,5.21776,0.016422,NaN,0.184775,594.341,NaN,507.532
1,1,0,1,32,1,16,1,1,1,0,15,15,15,2171.25,NaN,1534.31,39.1429,33.6533,8256,1945,92.5626,1.7250,0.0090,27.3503,25.8020,324.4500,1109.1510,0.8160,NaN,NaN,NaN,NaN,14.7220,325.9040,1431.0630,0.9420,23.3771,NaN,27.3497,5.27752,0.0145109,NaN,0.191562,2176.54,NaN,1539.78
2,1,0,1,32,1,16,1,1,1,0,15,15,15,2187.19,NaN,1525.37,38.6482,33.6159,8247,2210,91.9559,1.7260,0.0010,27.3217,25.8140,325.7210,1113.5800,0.9050,NaN,NaN,NaN,NaN,14.8820,331.4080,1569.3860,0.8830,23.2897,NaN,27.3209,5.26782,0.0146096,NaN,0.183133,2192.47,NaN,1530.82
3,1,0,1,32,1,16,1,1,1,0,15,15,15,2230.2,NaN,1531.93,38.9738,33.6894,8304,1903,92.3189,1.7230,0.0020,27.3916,25.7670,329.4700,1084.7900,0.8230,NaN,NaN,NaN,NaN,14.6260,323.9860,1481.4750,0.7270,23.7445,NaN,27.3907,5.23563,0.01537,NaN,0.18851,2235.45,NaN,1537.36
1,1,0,1,32,1,32,1,1,1,0,15,15,15,2841.71,NaN,2906.91,39.7059,34.8792,7796,2792,92.7344,1.1930,0.0030,27.1865,18.4700,368.1700,1275.4010,1.1400,NaN,NaN,NaN,NaN,19.2400,514.5680,1774.6820,1.0680,27.0466,NaN,27.1856,5.26653,0.0174671,NaN,0.188595,2846.99,NaN,2912.37
2,1,0,1,32,1,32,1,1,1,0,15,15,15,2828.4,NaN,2902.98,39.8954,34.855,7874,2590,96.1650,1.2340,0.0010,27.1022,19.7430,359.8650,1333.2220,0.9080,NaN,NaN,NaN,NaN,18.8180,512.0950,1837.3720,0.8700,26.9333,NaN,27.1009,5.30118,0.0172103,NaN,0.187516,2833.72,NaN,2908.47
3,1,0,1,32,1,32,1,1,1,0,15,15,15,2852.53,NaN,2956.63,39.082,34.6983,7723,2569,92.5681,1.1910,0.0010,27.1711,18.4360,358.3610,1235.4080,1.0270,NaN,NaN,NaN,NaN,19.5880,565.2530,1916.7720,0.8810,27.0826,NaN,27.1703,5.21457,0.01818,NaN,0.184032,2857.77,NaN,2962.02
1,1,0,1,32,1,48,1,1,1,0,15,15,15,2835.9,NaN,4160.31,39.2472,35.8035,7478,2748,96.8896,0.9270,0.0020,27.0642,14.2580,366.2650,1277.1030,0.9400,NaN,NaN,NaN,NaN,22.2560,773.1420,2981.7170,0.7680,27.0636,NaN,26.7839,5.29387,0.0188405,NaN,0.178874,2841.21,NaN,4165.78
2,1,0,1,32,1,48,1,1,1,0,15,15,15,2824.22,NaN,4178.85,39.6508,35.8217,7559,2917,97.2185,0.9270,0.0020,27.1067,14.8370,342.1750,1280.2720,1.1480,NaN,NaN,NaN,NaN,21.9080,772.5460,2821.5460,0.9950,27.1058,NaN,26.8577,5.20687,0.020658,NaN,0.182278,2829.45,NaN,4184.24
3,1,0,1,32,1,48,1,1,1,0,15,15,15,2821.86,NaN,4163.05,39.1415,35.8767,7516,3202,97.1462,0.9280,0.0030,27.0331,13.8870,355.1800,1203.4730,1.1790,NaN,NaN,NaN,NaN,22.2810,791.1290,3037.4190,0.7930,27.0319,NaN,26.7044,5.32008,0.0283087,NaN,0.18087,2827.21,NaN,4168.55
1,1,0,1,32,1,63,1,1,1,0,15,15,15,2811.54,NaN,4881.75,39.8262,36.7967,7290,3155,97.3181,0.7380,0.0020,27.0134,11.1890,365.6700,1190.8340,1.0000,NaN,NaN,NaN,NaN,24.1270,987.1410,3577.5790,0.8070,27.0123,NaN,26.271,5.30593,0.0264419,NaN,0.187882,2816.87,NaN,4887.25
2,1,0,1,32,1,63,1,1,1,0,15,15,15,2802.4,NaN,4902.89,39.3868,36.7579,7339,2835,97.2842,0.7760,0.0010,27.0641,11.3710,363.2090,1264.6010,1.3390,NaN,NaN,NaN,NaN,23.9840,967.0480,3436.4700,0.6440,27.0632,NaN,26.337,5.23877,0.0234368,NaN,0.180309,2807.66,NaN,4908.31
3,1,0,1,32,1,63,1,1,1,0,15,15,15,2809.82,NaN,4870.03,39.3687,36.7502,7326,2387,97.1104,0.7360,0.0010,27.0317,11.1500,374.9270,1259.3760,1.0380,NaN,NaN,NaN,NaN,24.2760,992.0750,3751.4490,0.7730,27.031,NaN,26.2835,5.22645,0.0218667,NaN,0.180871,2815.07,NaN,4875.44
1,1,0,1,48,1,1,1,1,1,0,15,15,15,748.715,NaN,511.177,40.1729,34.1105,8011,2434,95.8215,1.1860,0.0010,27.3956,25.7370,197.5630,576.0060,0.6930,NaN,NaN,NaN,NaN,15.2590,345.4020,744.9290,0.9320,5.56613,NaN,27.3946,5.21959,0.0181259,NaN,0.18442,753.953,NaN,516.581
2,1,0,1,48,1,1,1,1,1,0,15,15,15,769.943,NaN,505.416,38.9215,34.0176,8039,2231,95.7615,1.1890,0.0010,27.2776,25.8040,205.4750,637.2180,0.6720,NaN,NaN,NaN,NaN,15.4520,333.0660,687.5200,1.1240,5.78438,NaN,27.2765,5.26501,0.0160973,NaN,0.177002,775.224,NaN,510.858
3,1,0,1,48,1,1,1,1,1,0,15,15,15,734.708,NaN,504.069,39.7317,34.1832,7993,2480,95.7237,1.1500,0.0010,27.245,25.7900,199.5390,625.4290,1.0070,NaN,NaN,NaN,NaN,15.7500,327.3670,628.9430,1.1030,5.5378,NaN,27.241,5.25979,0.017548,NaN,0.179742,739.986,NaN,509.508
1,1,0,1,48,1,16,1,1,1,0,15,15,15,1912.9,NaN,1640.35,38.9878,34.6764,8066,2367,97.8023,1.1580,0.0060,27.2209,25.9690,348.1810,1174.4940,0.8650,NaN,NaN,NaN,NaN,14.7790,648.1210,2206.3670,0.9310,15.0248,NaN,27.2189,5.36414,0.0149553,NaN,0.181647,1918.28,NaN,1645.9
2,1,0,1,48,1,16,1,1,1,0,15,15,15,2121.55,NaN,1641.78,39.2416,34.7076,8176,2118,97.5335,1.1940,0.0010,27.2538,25.9220,376.2770,1309.5980,0.9620,NaN,NaN,NaN,NaN,14.6370,646.3990,2321.6940,0.7320,16.4809,NaN,27.251,5.31841,0.0178658,NaN,0.186646,2126.89,NaN,1647.29
3,1,0,1,48,1,16,1,1,1,0,15,15,15,1888.94,NaN,1648.52,38.519,34.721,8035,2102,97.6096,1.1550,0.0010,27.2122,25.9040,342.8140,1267.1390,1.0060,NaN,NaN,NaN,NaN,14.7030,677.8290,2346.5900,0.8290,14.9688,NaN,27.2092,5.31646,0.0151737,NaN,0.185086,1894.27,NaN,1654.02
1,1,0,1,48,1,32,1,1,1,0,15,15,15,4034.77,NaN,2887.8,39.0683,35.7693,8066,1785,96.7169,1.0020,0.0020,27.1303,23.1320,509.7340,1815.2900,1.3470,NaN,NaN,NaN,NaN,16.0380,548.5560,1916.9540,0.9550,26.2929,NaN,27.1293,5.24371,0.0177972,NaN,0.19762,4040.04,NaN,2893.24
2,1,0,1,48,1,32,1,1,1,0,15,15,15,3972.4,NaN,2877.53,39.3233,35.7951,8122,2106,97.0250,1.0050,0.0010,27.0892,23.6460,517.2760,1800.1590,0.9490,NaN,NaN,NaN,NaN,16.0730,528.9400,1896.6490,1.1280,26.248,NaN,27.0866,5.3064,0.0160237,NaN,0.187167,3977.72,NaN,2883.02
3,1,0,1,48,1,32,1,1,1,0,15,15,15,4018.15,NaN,2865.13,39.119,35.85,8114,2017,96.3338,1.0040,0.0020,27.1532,23.3160,506.0530,1760.9570,0.8720,NaN,NaN,NaN,NaN,16.0590,530.3970,1968.0240,1.0000,26.2828,NaN,27.1521,5.2263,0.0192661,NaN,0.192322,4023.39,NaN,2870.55
1,1,0,1,48,1,48,1,1,1,0,15,15,15,4130.01,NaN,4184.41,39.6017,36.7174,7779,2434,97.0992,0.8140,0.0030,26.9991,18.5960,552.7540,1955.7450,1.2240,NaN,NaN,NaN,NaN,19.1380,729.3040,2737.1080,0.8780,26.9637,NaN,26.9984,5.23403,0.0208165,NaN,0.182226,4135.27,NaN,4189.83
2,1,0,1,48,1,48,1,1,1,0,15,15,15,4115.14,NaN,4204.01,39.7495,36.7564,7813,2586,97.1858,0.8130,0.0010,27.0006,18.5820,544.9990,1987.4830,1.1590,NaN,NaN,NaN,NaN,19.3170,726.4850,2728.5970,0.9830,26.8683,NaN,26.9999,5.20761,0.0173869,NaN,0.181145,4120.36,NaN,4209.4
3,1,0,1,48,1,48,1,1,1,0,15,15,15,4078.25,NaN,4199.1,39.2975,36.8351,7767,2792,96.2227,0.8150,0.0050,26.9319,19.2400,474.4420,1749.7080,1.0780,NaN,NaN,NaN,NaN,18.6190,792.3750,2877.5570,0.7400,26.7559,NaN,26.927,5.29276,0.0165424,NaN,0.178658,4083.56,NaN,4204.57
1,1,0,1,48,1,63,1,1,1,0,15,15,15,4109.31,NaN,5357.57,40.5963,37.8375,7544,3066,97.1562,0.6610,0.0080,26.9657,14.9370,547.9650,1923.8720,1.4190,NaN,NaN,NaN,NaN,20.7330,928.7380,3481.1380,0.9720,26.9643,NaN,26.9427,5.23674,0.0196521,NaN,0.182481,4114.56,NaN,5362.99
2,1,0,1,48,1,63,1,1,1,0,15,15,15,4108.92,NaN,5354.51,40.1595,37.9133,7835,3174,97.3769,0.6620,0.0050,27.0347,14.9430,554.7840,1925.3130,1.1040,NaN,NaN,NaN,NaN,20.6630,916.4950,3495.6870,1.2040,27.0339,NaN,26.9173,5.24412,0.0214086,NaN,0.189591,4114.18,NaN,5359.95
3,1,0,1,48,1,63,1,1,1,0,15,15,15,4084.23,NaN,5363.16,40.5258,38.0713,7594,3191,96.8773,0.7010,0.0010,26.8787,16.8190,548.7150,1963.2380,1.0710,NaN,NaN,NaN,NaN,19.6610,988.2080,3774.7030,0.9250,26.8155,NaN,26.8747,5.30893,0.0248185,NaN,0.18044,4089.56,NaN,5368.65
1,1,0,1,63,1,1,1,1,1,0,15,15,15,940.413,NaN,498.862,39.5347,34.7218,8116,2384,95.5467,0.8850,0.0010,27.2513,25.9000,282.0170,687.7370,0.8490,NaN,NaN,NaN,NaN,14.9710,332.9400,738.5250,0.9480,5.99911,NaN,27.2506,5.2947,0.0235634,NaN,0.18525,945.731,NaN,504.342
2,1,0,1,63,1,1,1,1,1,0,15,15,15,941.342,NaN,505.086,38.7229,34.6524,8018,2523,95.6756,0.8830,0.0080,27.2346,25.8520,253.0030,716.3050,0.9120,NaN,NaN,NaN,NaN,15.1730,342.0860,707.1730,1.3020,5.86241,NaN,27.234,5.25114,0.0186566,NaN,0.18024,946.612,NaN,510.518
3,1,0,1,63,1,1,1,1,1,0,15,15,15,887.06,NaN,503.404,38.5176,34.5651,8053,2349,95.5263,0.8840,0.0040,27.1946,25.8730,244.7220,686.8120,1.2060,NaN,NaN,NaN,NaN,15.3780,340.9370,696.6010,1.4200,5.59817,NaN,27.1934,5.27029,0.0188547,NaN,0.177829,892.349,NaN,508.852
1,1,0,1,63,1,16,1,1,1,0,15,15,15,2071.53,NaN,1600.63,38.9405,35.4171,8138,2081,97.6900,0.8890,0.0030,27.183,26.0000,408.2670,1360.7340,0.8370,NaN,NaN,NaN,NaN,14.5260,585.1180,1495.1440,1.4800,12.9194,NaN,27.1823,5.29872,0.0159671,NaN,0.193617,2076.84,NaN,1606.12
2,1,0,1,63,1,16,1,1,1,0,15,15,15,2166.97,NaN,1667.52,38.5169,35.4956,8121,2091,97.9638,0.8880,0.0020,27.214,25.9910,421.6070,1402.0220,1.0830,NaN,NaN,NaN,NaN,14.3280,784.8250,2393.3460,0.7810,13.3448,NaN,27.2132,5.28182,0.0150917,NaN,0.184472,2172.27,NaN,1672.99
3,1,0,1,63,1,16,1,1,1,0,15,15,15,2078.06,NaN,1704.52,38.6533,35.4973,8052,2191,98.2027,0.8860,0.0010,27.2328,25.9220,403.4920,1418.7980,1.1890,NaN,NaN,NaN,NaN,14.3670,886.5450,2436.3290,0.7920,12.9168,NaN,27.2319,5.20722,0.0170481,NaN,0.179252,2083.28,NaN,1709.9
1,1,0,1,63,1,32,1,1,1,0,15,15,15,3495.85,NaN,2955.71,38.7637,36.5237,8141,1820,97.1350,0.8500,0.0110,27.1556,25.9990,551.6730,1864.3460,1.5010,NaN,NaN,NaN,NaN,14.1780,657.1820,2756.4490,0.9440,21.8072,NaN,27.1546,5.20198,0.0162606,NaN,0.179592,3501.07,NaN,2961.09
2,1,0,1,63,1,32,1,1,1,0,15,15,15,3431.61,NaN,2964.27,38.7778,36.5193,8169,2135,96.8219,0.8550,0.0030,27.0839,26.1460,542.6030,1840.8230,0.9630,NaN,NaN,NaN,NaN,14.4520,662.1130,2597.6060,1.2320,21.4152,NaN,27.0816,5.27761,0.01846,NaN,0.179436,3436.91,NaN,2969.73
3,1,0,1,63,1,32,1,1,1,0,15,15,15,3937.57,NaN,2932.41,39.0949,36.4925,8292,1965,96.8969,0.8910,0.0020,27.2007,26.0830,603.2650,2048.4910,1.1870,NaN,NaN,NaN,NaN,13.9910,521.2990,1849.7550,0.9130,24.2705,NaN,27.1995,5.20673,0.0145853,NaN,0.186554,3942.79,NaN,2937.81
1,1,0,1,63,1,48,1,1,1,0,15,15,15,5032.92,NaN,4208.65,39.589,37.6438,8028,2259,97.3262,0.7000,0.0010,26.9944,22.0580,635.7190,2356.3750,0.7900,NaN,NaN,NaN,NaN,16.5330,810.6300,2838.9010,1.3580,26.2285,NaN,26.9925,5.31389,0.0212138,NaN,0.18236,5038.26,NaN,4214.15
2,1,0,1,63,1,48,1,1,1,0,15,15,15,5216.91,NaN,4149.65,39.6654,37.6729,7823,2180,97.1246,0.7000,0.0070,26.9088,21.7910,703.4350,2280.1580,0.9140,NaN,NaN,NaN,NaN,16.8100,756.4810,2745.3080,1.2110,26.312,NaN,26.9078,5.29445,0.0195483,NaN,0.18125,5222.23,NaN,4155.13
3,1,0,1,63,1,48,1,1,1,0,15,15,15,5235.12,NaN,4164.96,40.1688,37.738,7842,2303,96.9958,0.6990,0.0010,26.9682,21.2780,694.0770,2382.1780,1.2540,NaN,NaN,NaN,NaN,16.7740,752.6730,2802.3010,1.2020,26.3525,NaN,26.9676,5.2491,0.0168141,NaN,0.183843,5240.39,NaN,4170.4
1,1,0,1,63,1,63,1,1,1,0,15,15,15,5256.36,NaN,5362.27,39.9601,38.8906,7677,2887,97.0662,0.6240,0.0050,26.8395,17.2010,661.3720,2290.7550,1.5930,NaN,NaN,NaN,NaN,19.6580,1046.0370,4015.3420,0.8420,26.7185,NaN,26.8385,5.23633,0.0190085,NaN,0.181542,5261.62,NaN,5367.68
2,1,0,1,63,1,63,1,1,1,0,15,15,15,5258.45,NaN,5370.62,39.6187,38.7716,7753,2356,97.0704,0.6250,0.0040,26.7573,17.3400,664.9720,2251.2900,1.1480,NaN,NaN,NaN,NaN,19.6840,1026.6260,3898.3100,1.1080,26.6094,NaN,26.7564,5.311,0.0162221,NaN,0.189797,5263.77,NaN,5376.13
3,1,0,1,63,1,63,1,1,1,0,15,15,15,5270.42,NaN,5368.93,39.827,38.7063,7671,2387,96.6888,0.6230,0.0020,26.8318,17.3290,668.0800,2322.8440,1.7510,NaN,NaN,NaN,NaN,19.6270,1005.1360,3814.7390,0.8350,26.7533,NaN,26.8305,5.20649,0.0196724,NaN,0.185626,5275.65,NaN,5374.32
1,0,1,1,1,1,1,1,1,1,0,15,15,15,NaN,870.525,448.226,42.5539,31.8308,13524,8267,67.6882,23.1090,0.0190,44.7626,NaN,NaN,NaN,NaN,11.5550,35.3980,305.9680,0.7190,11.5550,17.9070,64.8170,0.7460,NaN,44.5893,30.9532,5.24527,NaN,42.7151,0.212711,NaN,918.485,453.684
2,0,1,1,1,1,1,1,1,1,0,15,15,15,NaN,875.835,449.165,42.6831,31.706,13480,9634,66.3855,23.0710,0.0010,44.898,NaN,NaN,NaN,NaN,11.4970,39.5070,305.7670,0.8010,11.5740,18.1450,64.3740,0.7170,NaN,44.7252,31.0116,5.28181,NaN,42.7349,0.20507,NaN,923.851,454.652
3,0,1,1,1,1,1,1,1,1,0,15,15,15,NaN,876.345,450.107,42.4748,31.8357,13544,9524,66.2820,23.0270,0.0020,44.9676,NaN,NaN,NaN,NaN,11.5130,35.8820,256.2190,0.7400,11.5130,17.1190,50.9840,0.6950,NaN,44.7844,31.0398,5.22634,NaN,42.7901,0.203147,NaN,924.361,455.537
1,0,1,1,1,1,16,1,1,1,0,15,15,15,NaN,1090.35,958.764,39.5579,32.9241,13676,7959,62.1033,3.3250,0.0160,51.2483,NaN,NaN,NaN,NaN,5.2740,376.2730,966.8290,1.0420,25.7190,212.6120,756.2870,0.7480,NaN,51.0723,17.4893,5.31451,NaN,40.6461,0.180202,NaN,1136.32,964.258
2,0,1,1,1,1,16,1,1,1,0,15,15,15,NaN,1092.26,959.847,40.5531,32.6329,13775,8451,61.9476,3.2860,0.0010,51.2652,NaN,NaN,NaN,NaN,5.2720,398.9810,974.6410,0.9590,25.7130,217.2830,710.9570,0.8100,NaN,51.0808,17.3204,5.31908,NaN,40.8277,0.17947,NaN,1138.41,965.345
3,0,1,1,1,1,16,1,1,1,0,15,15,15,NaN,1098.15,958.866,39.8893,32.7834,13766,8117,61.9225,3.3240,0.0130,51.4808,NaN,NaN,NaN,NaN,5.1590,387.5710,942.3270,1.0140,25.7160,210.6320,730.3110,0.7840,NaN,51.2993,17.5654,5.28978,NaN,40.8157,0.18947,NaN,1144.25,964.345
1,0,1,1,1,1,32,1,1,1,0,15,15,15,NaN,1104.4,1589.89,40.1047,33.5862,13779,7840,62.9641,1.7270,0.0010,51.3826,NaN,NaN,NaN,NaN,4.9510,465.6620,911.9450,1.1370,25.8270,388.2130,1437.3330,0.7690,NaN,51.2061,15.9342,5.25096,NaN,40.4695,0.175067,NaN,1150.12,1595.31
2,0,1,1,1,1,32,1,1,1,0,15,15,15,NaN,1102.78,1559.57,39.7615,33.6467,13682,7681,62.6620,1.7330,0.0010,51.2947,NaN,NaN,NaN,NaN,5.1610,436.6300,976.5480,0.9830,25.9180,383.4780,1431.4380,1.0710,NaN,51.1178,15.7192,5.36868,NaN,40.6517,0.180149,NaN,1148.8,1565.12
3,0,1,1,1,1,32,1,1,1,0,15,15,15,NaN,1109.56,1576.92,39.5147,33.7691,13726,7146,63.1773,1.7240,0.0020,51.3029,NaN,NaN,NaN,NaN,5.1330,489.4570,1040.5780,1.0350,25.7810,392.5290,1370.1940,0.9160,NaN,51.1233,15.731,5.24275,NaN,40.5093,0.184422,NaN,1155.31,1582.35
1,0,1,1,1,1,48,1,1,1,0,15,15,15,NaN,1115.95,2188.91,39.4608,34.8432,13598,7821,63.6525,1.1930,0.0010,51.8474,NaN,NaN,NaN,NaN,4.6170,500.2140,915.7680,1.1220,25.8940,571.6660,2184.1830,0.7690,NaN,51.6708,16.119,5.22858,NaN,40.4481,0.179426,NaN,1161.62,2194.32
2,0,1,1,1,1,48,1,1,1,0,15,15,15,NaN,1113.82,2170.53,39.3266,34.7177,13604,8077,63.3655,1.1920,0.0050,51.6662,NaN,NaN,NaN,NaN,4.8060,510.7880,1028.0360,1.3330,25.8760,558.2580,2078.5940,1.0540,NaN,51.4906,15.8363,5.23935,NaN,40.3462,0.173034,NaN,1159.41,2175.94
3,0,1,1,1,1,48,1,1,1,0,15,15,15,NaN,1112.91,2164.72,39.7045,34.8205,13615,7135,63.4894,1.1910,0.0050,51.7675,NaN,NaN,NaN,NaN,4.8040,500.8810,933.3130,0.9560,25.8630,568.4230,2046.6760,0.8470,NaN,51.5931,15.7318,5.23576,NaN,40.3576,0.173494,NaN,1158.5,2170.13
1,0,1,1,1,1,63,1,1,1,0,15,15,15,NaN,1124.01,2724.37,40.0574,35.7265,13554,7169,63.9359,0.8880,0.0030,52.0558,NaN,NaN,NaN,NaN,4.4040,505.7120,994.1590,1.3200,25.9970,727.5050,2519.3820,0.7220,NaN,51.8742,16.2673,5.24023,NaN,40.431,0.174314,NaN,1169.68,2729.78
2,0,1,1,1,1,63,1,1,1,0,15,15,15,NaN,1122.55,2643.14,39.6831,35.6036,13633,9041,64.1512,0.8890,0.0020,52.0002,NaN,NaN,NaN,NaN,4.4440,524.7460,986.9880,1.1770,26.0070,695.1840,2476.6620,0.6560,NaN,51.8138,15.9546,5.26619,NaN,40.5902,0.182747,NaN,1168.41,2648.59
3,0,1,1,1,1,63,1,1,1,0,15,15,15,NaN,1111.27,2575.33,39.6181,35.975,13560,7554,65.0420,0.8900,0.0110,51.5808,NaN,NaN,NaN,NaN,4.7200,500.2730,931.7910,1.3290,26.0380,689.8260,2432.1710,0.7330,NaN,51.3989,15.5071,5.23062,NaN,40.3384,0.18074,NaN,1156.83,2580.75
1,0,1,1,1,16,1,1,1,1,0,15,15,15,NaN,3116.4,457.426,52.3731,32.9133,13549,10775,78.0111,8.9060,0.0030,38.3759,NaN,NaN,NaN,NaN,16.9330,1137.4540,2088.2740,0.8660,6.2300,26.1030,238.1210,0.8720,NaN,38.1997,31.1856,5.22783,NaN,44.0511,0.211454,NaN,3165.68,462.865
2,0,1,1,1,16,1,1,1,1,0,15,15,15,NaN,3132.86,459.349,52.4811,33.1186,13552,9840,78.2689,8.9700,0.0010,38.4293,NaN,NaN,NaN,NaN,16.9100,1151.5320,2192.6730,0.9570,6.4130,29.7560,216.6240,0.9220,NaN,38.2523,31.1904,5.21736,NaN,44.0803,0.221301,NaN,3182.16,464.788
3,0,1,1,1,16,1,1,1,1,0,15,15,15,NaN,3152.87,457.733,52.2953,33.168,13488,10948,78.6279,9.1420,0.0020,38.4364,NaN,NaN,NaN,NaN,16.8680,1159.3510,2111.7970,1.1010,6.3880,26.1680,128.6940,0.8430,NaN,38.2611,31.0884,5.29311,NaN,44.1915,0.218902,NaN,3202.36,463.245
1,0,1,1,1,16,16,1,1,1,0,15,15,15,NaN,3292.9,1588.57,46.6074,34.0806,13586,9548,69.6634,1.9540,0.0090,44.1998,NaN,NaN,NaN,NaN,11.7600,778.7600,1770.5920,1.2480,15.3230,363.0940,1046.7420,1.4140,NaN,44.0159,28.1935,5.22907,NaN,42.6944,0.215972,NaN,3340.82,1594.02
2,0,1,1,1,16,16,1,1,1,0,15,15,15,NaN,3269.95,1589.81,46.9468,33.8278,13533,10663,69.4464,1.9140,0.0010,44.0981,NaN,NaN,NaN,NaN,11.8300,761.7110,1662.2050,1.1440,15.0470,343.0190,897.8040,1.3320,NaN,43.9193,28.3336,5.20718,NaN,42.821,0.208104,NaN,3317.98,1595.23
3,0,1,1,1,16,16,1,1,1,0,15,15,15,NaN,3263.95,1598.96,47.4492,33.9121,13571,9713,71.5351,1.9160,0.0020,43.904,NaN,NaN,NaN,NaN,12.0730,756.7640,1629.8340,1.1280,14.7180,376.4330,1001.5770,1.3340,NaN,43.7241,28.2626,5.21957,NaN,42.8015,0.220686,NaN,3311.97,1604.4
1,0,1,1,1,16,32,1,1,1,0,15,15,15,NaN,3413.94,2927.26,45.0212,35.0686,13377,9682,67.3574,1.1910,0.0100,46.6881,NaN,NaN,NaN,NaN,9.1830,694.3070,1508.2890,1.5080,18.7890,625.2930,1807.9840,1.4910,NaN,46.5033,27.354,5.22142,NaN,41.8734,0.201563,NaN,3461.04,2932.69
2,0,1,1,1,16,32,1,1,1,0,15,15,15,NaN,3409.96,2930.26,43.8858,34.9618,13558,8746,67.7330,1.1970,0.0020,46.5815,NaN,NaN,NaN,NaN,9.1500,695.2210,1586.1420,1.3820,18.8800,618.0130,1629.3000,1.4890,NaN,46.4029,27.2992,5.22766,NaN,41.8293,0.200043,NaN,3457.02,2935.69
3,0,1,1,1,16,32,1,1,1,0,15,15,15,NaN,3423.81,2936.69,43.5392,35.3284,13486,9204,67.3200,1.2310,0.0030,46.7472,NaN,NaN,NaN,NaN,9.0410,700.1070,1639.4830,1.3640,18.8520,610.2760,1558.0610,1.4190,NaN,46.5705,27.225,5.25117,NaN,42.004,0.200373,NaN,3471.06,2942.14
1,0,1,1,1,16,48,1,1,1,0,15,15,15,NaN,3556.34,4193.54,41.2766,36.0161,13462,9303,66.0308,0.9270,0.0020,49.2134,NaN,NaN,NaN,NaN,6.9940,487.9170,1572.3880,1.0410,21.5240,815.5570,2552.0720,1.5530,NaN,49.039,26.6709,5.28446,NaN,41.4255,0.210335,NaN,3603.05,4199.04
2,0,1,1,1,16,48,1,1,1,0,15,15,15,NaN,3570.67,4174.38,41.7017,36.686,13576,7705,65.6112,0.9660,0.0020,49.3424,NaN,NaN,NaN,NaN,6.8810,480.5770,1188.8810,1.3010,22.2650,818.7940,2755.0600,1.9810,NaN,49.1641,26.6267,5.23328,NaN,41.2201,0.177659,NaN,3617.12,4179.8
3,0,1,1,1,16,48,1,1,1,0,15,15,15,NaN,3557.97,4184.64,41.2543,36.2482,13476,8443,66.0181,0.9300,0.0010,49.2736,NaN,NaN,NaN,NaN,6.8950,478.6590,1267.8230,1.2330,21.9630,807.0560,2416.1610,1.9830,NaN,49.0977,26.6741,5.31023,NaN,41.2396,0.188907,NaN,3604.52,4190.14
1,0,1,1,1,16,63,1,1,1,0,15,15,15,NaN,3700.06,4952.86,40.6279,37.2514,13506,8693,64.1800,0.7370,0.0120,50.9491,NaN,NaN,NaN,NaN,5.5830,497.6760,1288.3280,1.2200,23.9210,1008.5910,3171.4830,1.8000,NaN,50.7627,26.2751,5.18893,NaN,40.899,0.183077,NaN,3746.14,4958.23
2,0,1,1,1,16,63,1,1,1,0,15,15,15,NaN,3701.51,5005.7,40.6363,37.0369,13433,8590,63.7828,0.7370,0.0070,50.8836,NaN,NaN,NaN,NaN,5.5890,510.3230,1301.8310,1.2190,23.6370,999.6670,3169.0180,2.3960,NaN,50.7,26.271,5.24412,NaN,40.9689,0.17781,NaN,3747.72,5011.12
3,0,1,1,1,16,63,1,1,1,0,15,15,15,NaN,3689.49,5030.91,40.9838,37.4751,13564,8599,64.0472,0.7760,0.0010,50.799,NaN,NaN,NaN,NaN,5.6660,500.7230,1383.2790,1.2530,23.3630,994.8410,3161.2250,1.4880,NaN,50.6229,26.3198,5.19128,NaN,40.9244,0.188985,NaN,3735.6,5036.29
1,0,1,1,1,32,1,1,1,1,0,15,15,15,NaN,5927.86,461.195,52.839,35.1037,13562,12154,83.7477,7.8400,0.0010,38.2531,NaN,NaN,NaN,NaN,17.1410,2383.5930,3983.8840,1.0280,5.3420,31.0240,120.2170,0.8340,NaN,38.0756,31.2496,5.2844,NaN,44.327,0.218804,NaN,5977.47,466.698
2,0,1,1,1,32,1,1,1,1,0,15,15,15,NaN,6024.01,461.039,52.9086,34.8546,13559,10647,82.6989,7.8110,0.0050,38.177,NaN,NaN,NaN,NaN,17.2380,2514.9700,3927.5330,1.2250,5.6180,25.4310,100.2990,0.9490,NaN,38.0026,31.1989,5.21556,NaN,44.2168,0.229083,NaN,6073.45,466.483
3,0,1,1,1,32,1,1,1,1,0,15,15,15,NaN,5996.09,458.663,52.6316,35.0409,13570,11424,83.1900,7.8940,0.0010,38.3203,NaN,NaN,NaN,NaN,17.0580,2467.6600,4025.3750,1.0200,5.7760,28.2380,114.3180,0.8510,NaN,38.1441,30.9936,5.2876,NaN,44.3049,0.234807,NaN,6045.68,464.186
1,0,1,1,1,32,16,1,1,1,0,15,15,15,NaN,5957.35,1635.53,49.5128,35.5603,13549,10433,76.2202,1.3840,0.0010,41.4032,NaN,NaN,NaN,NaN,13.9980,1807.3550,3323.7810,1.2040,11.0750,471.7970,1434.7010,1.2380,NaN,41.2242,28.8355,5.20153,NaN,43.2533,0.222471,NaN,6005.8,1640.96
2,0,1,1,1,32,16,1,1,1,0,15,15,15,NaN,5914.12,1640.79,49.7197,35.5134,13499,10357,75.9742,1.4620,0.0010,41.2503,NaN,NaN,NaN,NaN,14.1620,1779.0850,3364.3250,1.2510,11.0830,454.3180,1410.4350,1.4570,NaN,41.0767,29.0071,5.18803,NaN,43.3257,0.242573,NaN,5962.63,1646.22
3,0,1,1,1,32,16,1,1,1,0,15,15,15,NaN,5940.91,1649.49,49.676,35.7608,13452,11091,77.2918,1.4250,0.0010,41.4019,NaN,NaN,NaN,NaN,14.0960,1803.9300,3353.4960,2.0430,11.1310,460.7800,1548.3790,1.1680,NaN,41.2255,28.9781,5.25293,NaN,43.3643,0.224036,NaN,5989.53,1654.97
1,0,1,1,1,32,32,1,1,1,0,15,15,15,NaN,6051.39,3039.09,47.7215,36.9117,13341,10394,74.5959,0.9300,0.0010,43.2336,NaN,NaN,NaN,NaN,12.3160,1571.1890,3155.4310,1.1420,13.6710,752.5760,1769.0060,1.6090,NaN,43.0589,28.1578,5.30445,NaN,42.8387,0.20518,NaN,6099.53,3044.6
2,0,1,1,1,32,32,1,1,1,0,15,15,15,NaN,6049.61,3039.49,48.1525,37.1918,13454,10655,73.9190,0.9320,0.0010,43.1835,NaN,NaN,NaN,NaN,12.4230,1609.7020,3195.9480,1.5250,13.6650,761.7520,1828.3220,2.3300,NaN,42.99,28.1759,5.34479,NaN,42.8745,0.206099,NaN,6097.83,3045.04
3,0,1,1,1,32,32,1,1,1,0,15,15,15,NaN,6065.46,3061.67,47.9452,37.0302,13428,11377,74.2998,0.8910,0.0020,43.3771,NaN,NaN,NaN,NaN,12.3170,1593.1100,3382.6280,1.0930,13.7110,759.1830,1724.0780,2.0920,NaN,43.1964,28.187,5.29023,NaN,43.046,0.214457,NaN,6113.79,3067.17
1,0,1,1,1,32,48,1,1,1,0,15,15,15,NaN,6272.54,4272.1,44.5911,37.8801,13526,9376,71.4828,0.7370,0.0010,45.8272,NaN,NaN,NaN,NaN,10.0130,1212.1660,2598.2280,2.1720,16.7650,1012.8320,2594.3910,1.9350,NaN,45.6504,27.4828,5.22821,NaN,42.1325,0.209079,NaN,6319.91,4277.54
2,0,1,1,1,32,48,1,1,1,0,15,15,15,NaN,6322.17,4260.81,44.724,37.9848,13385,9720,71.3837,0.7390,0.0020,45.7163,NaN,NaN,NaN,NaN,10.1880,1292.9790,2543.4600,1.2620,16.7980,968.7890,2404.5900,1.8300,NaN,45.5415,27.446,5.27506,NaN,42.0793,0.197224,NaN,6369.53,4266.28
3,0,1,1,1,32,48,1,1,1,0,15,15,15,NaN,6308.5,4280.24,44.7322,37.9945,13334,8946,71.5202,0.7380,0.0010,45.7454,NaN,NaN,NaN,NaN,10.1760,1284.0790,2608.7420,1.2890,16.7790,972.9890,2546.9310,1.7660,NaN,45.5658,27.4771,5.19657,NaN,41.8812,0.202966,NaN,6355.58,4285.64
1,0,1,1,1,32,63,1,1,1,0,15,15,15,NaN,6367.85,5448.7,43.8129,39.0593,13404,8658,69.6082,0.5840,0.0020,46.9547,NaN,NaN,NaN,NaN,8.7190,1101.1190,2987.7250,1.0160,18.5670,1144.6160,2904.6670,1.6750,NaN,46.7794,27.0924,5.20275,NaN,41.8109,0.192868,NaN,6414.87,5454.09
2,0,1,1,1,32,63,1,1,1,0,15,15,15,NaN,6333.22,5434.56,44.2519,39.109,13408,9060,70.9709,0.6230,0.0010,46.7122,NaN,NaN,NaN,NaN,8.8810,1111.8660,2926.5120,1.0150,18.3850,1122.0360,2961.3450,1.5240,NaN,46.5301,27.0702,5.23096,NaN,41.8042,0.194585,NaN,6380.26,5439.99
3,0,1,1,1,32,63,1,1,1,0,15,15,15,NaN,6374.62,5433.94,44.2713,39.3152,13424,9736,68.9129,0.6250,0.0020,46.977,NaN,NaN,NaN,NaN,8.8270,1083.6370,2693.8740,1.0820,18.5920,1110.6760,2945.7980,1.7710,NaN,46.7921,27.1011,5.29811,NaN,42.0094,0.204752,NaN,6421.93,5439.44
1,0,1,1,1,48,1,1,1,1,0,15,15,15,NaN,8485.16,461.277,54.0018,36.82,13453,11857,86.5456,6.9190,0.0010,37.8005,NaN,NaN,NaN,NaN,17.6250,3815.6890,5400.0900,0.9660,4.6770,24.1400,193.2400,0.9950,NaN,37.622,31.2865,5.26192,NaN,44.0909,0.225828,NaN,8534.51,466.765
2,0,1,1,1,48,1,1,1,1,0,15,15,15,NaN,8347.68,465.373,54.4407,36.7004,13321,10855,90.3882,NaN,NaN,37.5768,NaN,NaN,NaN,NaN,NaN,NaN,NaN,NaN,NaN,NaN,NaN,NaN,NaN,37.4026,31.6609,5.18713,NaN,44.2774,0.231129,NaN,8397.15,470.792
3,0,1,1,1,48,1,1,1,1,0,15,15,15,NaN,8457.64,461.637,53.576,36.5935,13501,11757,87.5415,7.0740,0.0010,37.8083,NaN,NaN,NaN,NaN,17.6270,3744.6010,5424.8600,1.0500,4.6770,22.9870,147.0690,1.0090,NaN,37.632,31.4283,5.24968,NaN,44.351,0.216993,NaN,8507.24,467.104
1,0,1,1,1,48,16,1,1,1,0,15,15,15,NaN,8409.76,1661.61,50.7663,37.4631,13433,10384,82.8425,1.1640,0.0010,40.2325,NaN,NaN,NaN,NaN,15.1310,2949.3090,5105.7660,1.7270,9.3110,515.0730,2051.9240,1.3610,NaN,40.0582,29.2655,5.28189,NaN,43.3576,0.232916,NaN,8458.4,1667.12
2,0,1,1,1,48,16,1,1,1,0,15,15,15,NaN,8394.89,1669.33,50.9907,37.6386,13424,10874,83.2247,1.1990,0.0010,40.2156,NaN,NaN,NaN,NaN,15.2830,2989.3330,5108.4090,1.7620,9.2860,482.5160,1995.5170,1.4110,NaN,40.0251,29.387,5.2002,NaN,43.6321,0.222362,NaN,8443.73,1674.75
3,0,1,1,1,48,16,1,1,1,0,15,15,15,NaN,8422.37,1675.91,50.9463,37.3741,13461,10744,83.3358,1.2390,0.0010,40.1262,NaN,NaN,NaN,NaN,15.2960,3151.1770,5132.7940,1.1270,9.2940,466.6670,1639.6440,1.6040,NaN,39.9519,29.387,5.22356,NaN,43.7716,0.227059,NaN,8471.37,1681.36
1,0,1,1,1,48,32,1,1,1,0,15,15,15,NaN,8406.4,3114.39,49.2813,38.5471,13371,10219,78.9405,0.7390,0.0100,41.5952,NaN,NaN,NaN,NaN,13.7720,2531.4630,4855.8360,1.5050,11.2040,889.8430,2409.6360,1.9870,NaN,41.4107,28.7301,5.25771,NaN,43.4465,0.20502,NaN,8455.11,3119.85
2,0,1,1,1,48,32,1,1,1,0,15,15,15,NaN,8376.25,3145.78,49.9507,38.8001,13293,11239,81.2281,0.7420,0.0010,41.3367,NaN,NaN,NaN,NaN,14.0120,2630.6090,4885.3210,1.2300,11.2410,849.4760,2715.4590,2.1170,NaN,41.1619,28.8418,5.24746,NaN,43.518,0.222628,NaN,8425.01,3151.25
3,0,1,1,1,48,32,1,1,1,0,15,15,15,NaN,8681.05,3138.18,49.7397,38.4573,13399,10243,80.0026,0.7010,0.0010,42.2959,NaN,NaN,NaN,NaN,13.3930,2690.8320,5166.7620,1.3210,11.2130,898.2840,2321.6340,2.1550,NaN,42.1107,28.7305,5.2377,NaN,43.2139,0.232243,NaN,8729.5,3143.65
1,0,1,1,1,48,48,1,1,1,0,15,15,15,NaN,8706.52,4407.67,47.7078,40.0159,13357,10652,75.9710,0.5860,0.0080,43.7903,NaN,NaN,NaN,NaN,12.1860,2123.3810,4166.2870,1.2360,13.1240,1122.1860,2315.3430,1.4700,NaN,43.6115,28.2126,5.27039,NaN,43.024,0.227037,NaN,8754.81,4413.17
2,0,1,1,1,48,48,1,1,1,0,15,15,15,NaN,8706.96,4381.66,47.6114,39.8044,13386,11193,75.8475,0.5480,0.0030,43.8552,NaN,NaN,NaN,NaN,12.0500,2070.5430,4189.2780,1.2830,13.1460,1141.3760,2434.4990,1.8860,NaN,43.6807,28.0326,5.26135,NaN,42.8504,0.219476,NaN,8755.07,4387.14
3,0,1,1,1,48,48,1,1,1,0,15,15,15,NaN,8609.18,4399.91,47.245,39.6313,13349,9256,75.3388,0.5850,0.0010,43.4874,NaN,NaN,NaN,NaN,12.3270,2087.1060,4121.2790,1.2830,13.1070,1076.4070,2441.9890,2.5880,NaN,43.3125,28.1649,5.27311,NaN,42.6388,0.201601,NaN,8657.09,4405.39
1,0,1,1,1,48,63,1,1,1,0,15,15,15,NaN,8631.66,5537.81,46.0937,40.5716,13362,9502,74.0610,0.5090,0.0020,44.6399,NaN,NaN,NaN,NaN,11.1930,1809.9330,3857.5990,1.4930,14.8720,1322.3120,3074.3660,1.4330,NaN,44.4532,27.7095,5.19766,NaN,42.2239,0.203733,NaN,8679.08,5543.21
2,0,1,1,1,48,63,1,1,1,0,15,15,15,NaN,8600.52,5493.42,46.0233,40.5999,13348,8953,73.5012,0.5490,0.0050,44.4071,NaN,NaN,NaN,NaN,11.3420,1863.5860,4054.9770,1.4980,14.9140,1240.3990,2878.0710,2.5680,NaN,44.2329,27.5856,5.3076,NaN,42.2622,0.19767,NaN,8648.09,5498.92
3,0,1,1,1,48,63,1,1,1,0,15,15,15,NaN,8591.03,5476.69,46.0455,40.8031,13280,9547,73.6127,0.5470,0.0150,44.4129,NaN,NaN,NaN,NaN,11.3780,1835.7900,3838.8900,2.3250,14.8190,1224.1580,2898.9720,1.8190,NaN,44.24,27.6158,5.17796,NaN,42.2887,0.214717,NaN,8638.49,5482.08
1,0,1,1,1,63,1,1,1,1,0,15,15,15,NaN,10420.6,464.986,54.1957,38.2561,13276,10490,91.8597,6.8750,0.0080,37.0595,NaN,NaN,NaN,NaN,18.0610,5160.4740,7152.7240,1.1020,4.2340,24.9000,141.4530,0.8620,NaN,36.8831,31.5813,5.29855,NaN,44.3618,0.2409,NaN,10470.3,470.525
2,0,1,1,1,63,1,1,1,1,0,15,15,15,NaN,10522,465.539,54.3978,38.8046,13504,11436,92.7591,6.5610,0.0010,37.4567,NaN,NaN,NaN,NaN,17.8200,5060.5510,7227.5550,1.0180,4.4260,23.8490,325.4710,0.8240,NaN,37.281,31.6923,5.25971,NaN,44.4717,0.206794,NaN,10571.7,471.006
3,0,1,1,1,63,1,1,1,1,0,15,15,15,NaN,10528.3,466.915,54.5076,38.5269,13373,11982,89.8606,6.4840,0.0120,37.4411,NaN,NaN,NaN,NaN,17.8230,5108.0520,7246.3790,1.3250,3.9610,26.4670,139.1790,0.9620,NaN,37.2607,31.9281,5.26787,NaN,44.4969,0.250866,NaN,10578.1,472.434
1,0,1,1,1,63,16,1,1,1,0,15,15,15,NaN,10504.3,1665.09,52.4843,39.1629,13370,11195,83.9949,1.0520,0.0110,39.8106,NaN,NaN,NaN,NaN,15.5870,4071.5460,7168.2200,1.8890,8.1050,488.3890,2084.0250,2.0130,NaN,39.6278,29.4079,5.28552,NaN,43.7283,0.203566,NaN,10553.3,1670.58
2,0,1,1,1,63,16,1,1,1,0,15,15,15,NaN,10305.2,1691.17,53.1289,39.2627,13295,11791,87.4835,1.0110,0.0010,39.0749,NaN,NaN,NaN,NaN,16.2940,4334.0280,7052.1760,1.0760,7.5060,493.7320,2338.9850,1.6440,NaN,38.9016,29.8328,5.22942,NaN,44.116,0.223057,NaN,10354.6,1696.62
3,0,1,1,1,63,16,1,1,1,0,15,15,15,NaN,10398.5,1670.37,51.7885,39.2412,13408,10578,84.5463,1.0500,0.0080,39.592,NaN,NaN,NaN,NaN,15.8350,4028.8450,7089.0570,2.3050,8.0930,450.4330,1971.7150,1.6450,NaN,39.4124,29.5882,5.21334,NaN,43.7641,0.21007,NaN,10447.4,1675.79
1,0,1,1,1,63,32,1,1,1,0,15,15,15,NaN,10330.3,3162.77,50.1091,40.5532,13301,10514,82.2086,0.6630,0.0040,40.8649,NaN,NaN,NaN,NaN,14.5090,3585.6770,6574.6390,1.0330,9.9850,824.5260,2643.5330,2.0260,NaN,40.6887,29.0646,5.19731,NaN,43.3359,0.212524,NaN,10378.8,3168.18
2,0,1,1,1,63,32,1,1,1,0,15,15,15,NaN,10562.4,3142.71,49.7898,40.2668,13369,10466,81.7122,0.6260,0.0100,41.2094,NaN,NaN,NaN,NaN,14.1670,3609.4820,6442.3920,1.6040,10.0190,922.4020,2506.3780,2.8690,NaN,41.024,28.7819,5.29371,NaN,43.3763,0.210894,NaN,10611.1,3148.21
3,0,1,1,1,63,32,1,1,1,0,15,15,15,NaN,10404.5,3112.21,50.1118,40.197,13204,10394,82.4322,0.6640,0.0010,40.8652,NaN,NaN,NaN,NaN,14.4970,3464.9120,6238.4010,2.1230,10.0030,774.6380,2155.1190,2.3380,NaN,40.6871,28.8007,5.23902,NaN,43.3525,0.219332,NaN,10453,3117.67
1,0,1,1,1,63,48,1,1,1,0,15,15,15,NaN,10450.8,4450.22,48.9961,41.2915,13243,10439,80.8576,0.5130,0.0020,42.0465,NaN,NaN,NaN,NaN,13.5010,2907.8100,6039.1860,1.3260,11.3690,1071.1450,2926.0040,2.5050,NaN,41.8717,28.5096,5.24757,NaN,43.0854,0.231352,NaN,10499.1,4455.7
2,0,1,1,1,63,48,1,1,1,0,15,15,15,NaN,10620.4,4456.53,49.3506,41.7679,13390,11720,78.5342,0.5100,0.0010,42.6462,NaN,NaN,NaN,NaN,13.2270,2887.9150,6197.1610,1.2730,11.3040,1110.3040,3338.3960,2.8250,NaN,42.4689,28.4407,5.27035,NaN,43.5063,0.22125,NaN,10669.2,4462.02
3,0,1,1,1,63,48,1,1,1,0,15,15,15,NaN,10696.8,4453.31,48.6581,41.4586,13276,11845,77.7578,0.4720,0.0120,43.0386,NaN,NaN,NaN,NaN,12.9410,2849.3710,5997.2060,2.1940,11.3280,1158.3490,3219.5180,2.1420,NaN,42.8626,28.3896,5.22744,NaN,43.3972,0.204849,NaN,10745.4,4458.74
1,0,1,1,1,63,63,1,1,1,0,15,15,15,NaN,10467.4,5565.09,49.2789,42.7807,13173,12238,76.3446,0.4330,0.0010,43.3423,NaN,NaN,NaN,NaN,12.4090,2574.1350,5013.8670,1.2300,12.4880,1173.2400,2816.4940,2.2320,NaN,43.1588,28.0513,5.23467,NaN,42.7877,0.204375,NaN,10515.5,5570.53
2,0,1,1,1,63,63,1,1,1,0,15,15,15,NaN,10255,5536.64,47.974,42.44,13213,9178,78.1876,0.4730,0.0010,42.87,NaN,NaN,NaN,NaN,12.5620,2412.7030,5126.8890,0.9240,12.6010,1118.4700,2591.8530,1.6530,NaN,42.6953,28.0476,5.2306,NaN,42.5318,0.223569,NaN,10302.8,5542.1
3,0,1,1,1,63,63,1,1,1,0,15,15,15,NaN,10316.1,5554.35,47.6771,42.3041,13316,9334,77.7766,0.4740,0.0030,43.0254,NaN,NaN,NaN,NaN,12.4770,2474.1670,5003.3800,1.0810,12.7530,1194.3980,2658.3070,2.3340,NaN,42.8439,27.9681,5.22447,NaN,42.4959,0.209601,NaN,10363.8,5559.78
